county,precinct,office,district,party,candidate,votes,absentee_by_mail,election_day,advance_in_person_1,advance_in_person_2,provisional
Cobb,Acworth 1A,Secretary Of State,,REP,BRAD RAFFENSPERGER,622,58,334,19,210,1
Cobb,Acworth 1B,Secretary Of State,,REP,BRAD RAFFENSPERGER,617,69,387,10,150,1
Cobb,Acworth 1C,Secretary Of State,,REP,BRAD RAFFENSPERGER,295,26,197,6,65,1
Cobb,Addison 01,Secretary Of State,,REP,BRAD RAFFENSPERGER,392,41,306,22,23,0
Cobb,Austell 1A,Secretary Of State,,REP,BRAD RAFFENSPERGER,180,17,145,12,6,0
Cobb,Bells Ferry 02,Secretary Of State,,REP,BRAD RAFFENSPERGER,423,38,357,16,12,0
Cobb,Bells Ferry 03,Secretary Of State,,REP,BRAD RAFFENSPERGER,729,66,584,34,42,3
Cobb,Big Shanty 01,Secretary Of State,,REP,BRAD RAFFENSPERGER,300,27,219,17,35,2
Cobb,Big Shanty 02,Secretary Of State,,REP,BRAD RAFFENSPERGER,473,31,380,16,46,0
Cobb,Baker 01,Secretary Of State,,REP,BRAD RAFFENSPERGER,369,19,290,7,53,0
Cobb,Birney 01,Secretary Of State,,REP,BRAD RAFFENSPERGER,270,23,183,63,1,0
Cobb,Birney 02,Secretary Of State,,REP,BRAD RAFFENSPERGER,342,38,241,58,5,0
Cobb,Bryant 01,Secretary Of State,,REP,BRAD RAFFENSPERGER,35,6,27,0,2,0
Cobb,Bryant 02,Secretary Of State,,REP,BRAD RAFFENSPERGER,29,2,23,2,2,0
Cobb,Blackwell 01,Secretary Of State,,REP,BRAD RAFFENSPERGER,363,25,314,13,10,1
Cobb,Chattahoochee 01,Secretary Of State,,REP,BRAD RAFFENSPERGER,169,9,123,8,28,1
Cobb,Cheatham Hill 02,Secretary Of State,,REP,BRAD RAFFENSPERGER,559,24,367,164,4,0
Cobb,Cheatham Hill 03,Secretary Of State,,REP,BRAD RAFFENSPERGER,699,55,444,199,1,0
Cobb,Chalker 01,Secretary Of State,,REP,BRAD RAFFENSPERGER,448,56,322,33,37,0
Cobb,Clarkdale 01,Secretary Of State,,REP,BRAD RAFFENSPERGER,168,30,108,29,1,0
Cobb,Clarkdale 02,Secretary Of State,,REP,BRAD RAFFENSPERGER,393,20,316,53,3,1
Cobb,Cooper 01,Secretary Of State,,REP,BRAD RAFFENSPERGER,205,18,135,46,5,1
Cobb,Chestnut Ridge 01,Secretary Of State,,REP,BRAD RAFFENSPERGER,693,34,560,5,94,0
Cobb,Dickerson 01,Secretary Of State,,REP,BRAD RAFFENSPERGER,515,34,363,0,118,0
Cobb,Dobbins 01,Secretary Of State,,REP,BRAD RAFFENSPERGER,149,8,108,30,3,0
Cobb,Dowell 01,Secretary Of State,,REP,BRAD RAFFENSPERGER,439,28,268,142,1,0
Cobb,Dodgen 01,Secretary Of State,,REP,BRAD RAFFENSPERGER,438,28,319,6,84,1
Cobb,Durham 01,Secretary Of State,,REP,BRAD RAFFENSPERGER,810,59,561,94,94,2
Cobb,Davis 01,Secretary Of State,,REP,BRAD RAFFENSPERGER,359,18,313,9,19,0
Cobb,Eastside 01,Secretary Of State,,REP,BRAD RAFFENSPERGER,617,40,405,4,168,0
Cobb,Eastside 02,Secretary Of State,,REP,BRAD RAFFENSPERGER,854,42,604,12,195,1
Cobb,Elizabeth 01,Secretary Of State,,REP,BRAD RAFFENSPERGER,188,7,138,33,9,1
Cobb,Elizabeth 02,Secretary Of State,,REP,BRAD RAFFENSPERGER,405,57,298,36,14,0
Cobb,Elizabeth 03,Secretary Of State,,REP,BRAD RAFFENSPERGER,532,43,409,28,52,0
Cobb,Elizabeth 04,Secretary Of State,,REP,BRAD RAFFENSPERGER,301,19,242,14,24,2
Cobb,Elizabeth 05,Secretary Of State,,REP,BRAD RAFFENSPERGER,451,36,345,15,55,0
Cobb,East Piedmont 01,Secretary Of State,,REP,BRAD RAFFENSPERGER,261,13,223,16,9,0
Cobb,Fair Oaks 02,Secretary Of State,,REP,BRAD RAFFENSPERGER,357,28,211,117,1,0
Cobb,Fair Oaks 04,Secretary Of State,,REP,BRAD RAFFENSPERGER,261,28,162,71,0,0
Cobb,Fullers Park 01,Secretary Of State,,REP,BRAD RAFFENSPERGER,592,52,421,12,104,3
Cobb,Ford 01,Secretary Of State,,REP,BRAD RAFFENSPERGER,610,29,441,122,17,1
Cobb,Frey 01,Secretary Of State,,REP,BRAD RAFFENSPERGER,484,47,321,38,78,0
Cobb,Garrison Mill 01,Secretary Of State,,REP,BRAD RAFFENSPERGER,522,36,418,14,54,0
Cobb,Gritters 01,Secretary Of State,,REP,BRAD RAFFENSPERGER,687,46,567,43,27,4
Cobb,Harmony-Leland 01,Secretary Of State,,REP,BRAD RAFFENSPERGER,204,27,129,19,29,0
Cobb,Harrison 01,Secretary Of State,,REP,BRAD RAFFENSPERGER,635,52,385,180,18,0
Cobb,Hightower 01,Secretary Of State,,REP,BRAD RAFFENSPERGER,773,82,543,7,141,0
Cobb,Hayes 01,Secretary Of State,,REP,BRAD RAFFENSPERGER,753,64,484,77,127,1
Cobb,Kennesaw 1A,Secretary Of State,,REP,BRAD RAFFENSPERGER,232,9,183,11,28,1
Cobb,Kennesaw 2A,Secretary Of State,,REP,BRAD RAFFENSPERGER,467,42,326,25,73,1
Cobb,Kennesaw 3A,Secretary Of State,,REP,BRAD RAFFENSPERGER,403,49,269,57,25,3
Cobb,Kennesaw 4A,Secretary Of State,,REP,BRAD RAFFENSPERGER,422,35,301,18,68,0
Cobb,Kennesaw 5A,Secretary Of State,,REP,BRAD RAFFENSPERGER,562,19,468,2,73,0
Cobb,Kell 01,Secretary Of State,,REP,BRAD RAFFENSPERGER,350,26,300,11,12,1
Cobb,Kemp 01,Secretary Of State,,REP,BRAD RAFFENSPERGER,446,22,282,140,1,1
Cobb,Kemp 02,Secretary Of State,,REP,BRAD RAFFENSPERGER,676,51,436,186,3,0
Cobb,Kemp 03,Secretary Of State,,REP,BRAD RAFFENSPERGER,848,56,522,260,10,0
Cobb,Lassiter 01,Secretary Of State,,REP,BRAD RAFFENSPERGER,683,40,575,25,42,1
Cobb,Lindley 01,Secretary Of State,,REP,BRAD RAFFENSPERGER,219,22,163,16,17,1
Cobb,Lost Mountain 01,Secretary Of State,,REP,BRAD RAFFENSPERGER,687,40,337,305,5,0
Cobb,Lost Mountain 02,Secretary Of State,,REP,BRAD RAFFENSPERGER,794,76,504,190,24,0
Cobb,Lost Mountain 03,Secretary Of State,,REP,BRAD RAFFENSPERGER,964,58,464,439,3,0
Cobb,Lost Mountain 04,Secretary Of State,,REP,BRAD RAFFENSPERGER,517,41,345,104,27,0
Cobb,Mableton 01,Secretary Of State,,REP,BRAD RAFFENSPERGER,358,62,228,62,6,0
Cobb,Mableton 02,Secretary Of State,,REP,BRAD RAFFENSPERGER,178,19,126,17,16,0
Cobb,Mableton 03,Secretary Of State,,REP,BRAD RAFFENSPERGER,398,37,303,49,9,0
Cobb,Mableton 04,Secretary Of State,,REP,BRAD RAFFENSPERGER,251,20,193,30,7,1
Cobb,Mabry 01,Secretary Of State,,REP,BRAD RAFFENSPERGER,344,23,293,4,24,0
Cobb,Macland 01,Secretary Of State,,REP,BRAD RAFFENSPERGER,271,16,183,72,0,0
Cobb,Murdock 01,Secretary Of State,,REP,BRAD RAFFENSPERGER,795,50,622,10,113,0
Cobb,McEachern 01,Secretary Of State,,REP,BRAD RAFFENSPERGER,430,33,301,96,0,0
Cobb,McCleskey 01,Secretary Of State,,REP,BRAD RAFFENSPERGER,335,11,298,8,18,0
Cobb,McClure 01,Secretary Of State,,REP,BRAD RAFFENSPERGER,572,41,403,14,113,1
Cobb,Marietta 1A,Secretary Of State,,REP,BRAD RAFFENSPERGER,179,20,123,32,4,0
Cobb,Marietta 2A,Secretary Of State,,REP,BRAD RAFFENSPERGER,434,26,274,134,0,0
Cobb,Marietta 2B,Secretary Of State,,REP,BRAD RAFFENSPERGER,508,31,321,151,4,1
Cobb,Marietta 3A,Secretary Of State,,REP,BRAD RAFFENSPERGER,633,57,397,176,2,1
Cobb,Marietta 4A,Secretary Of State,,REP,BRAD RAFFENSPERGER,505,28,343,134,0,0
Cobb,Marietta 4B,Secretary Of State,,REP,BRAD RAFFENSPERGER,254,34,162,56,2,0
Cobb,Marietta 4C,Secretary Of State,,REP,BRAD RAFFENSPERGER,559,37,331,187,4,0
Cobb,Marietta 5A,Secretary Of State,,REP,BRAD RAFFENSPERGER,179,11,122,42,3,1
Cobb,Marietta 5B,Secretary Of State,,REP,BRAD RAFFENSPERGER,63,3,45,13,1,1
Cobb,Marietta 6A,Secretary Of State,,REP,BRAD RAFFENSPERGER,87,7,59,14,7,0
Cobb,Marietta 6B,Secretary Of State,,REP,BRAD RAFFENSPERGER,408,23,322,31,32,0
Cobb,Marietta 7A,Secretary Of State,,REP,BRAD RAFFENSPERGER,84,14,55,11,4,0
Cobb,Mars Hill 01,Secretary Of State,,REP,BRAD RAFFENSPERGER,612,57,442,23,90,0
Cobb,Mars Hill 02,Secretary Of State,,REP,BRAD RAFFENSPERGER,365,25,259,11,70,0
Cobb,Mount Bethel 01,Secretary Of State,,REP,BRAD RAFFENSPERGER,792,42,562,3,184,1
Cobb,Mount Bethel 03,Secretary Of State,,REP,BRAD RAFFENSPERGER,547,38,315,0,194,0
Cobb,Mount Bethel 04,Secretary Of State,,REP,BRAD RAFFENSPERGER,607,61,362,0,183,1
Cobb,North Cobb 01,Secretary Of State,,REP,BRAD RAFFENSPERGER,311,33,210,5,63,0
Cobb,Nickajack 01,Secretary Of State,,REP,BRAD RAFFENSPERGER,136,9,108,13,6,0
Cobb,Norton Park 01,Secretary Of State,,REP,BRAD RAFFENSPERGER,463,50,328,83,1,1
Cobb,Nicholson 01,Secretary Of State,,REP,BRAD RAFFENSPERGER,394,24,344,17,9,0
Cobb,Oakdale 01,Secretary Of State,,REP,BRAD RAFFENSPERGER,348,32,264,49,3,0
Cobb,Oregon 01,Secretary Of State,,REP,BRAD RAFFENSPERGER,336,14,224,98,0,0
Cobb,Oregon 02,Secretary Of State,,REP,BRAD RAFFENSPERGER,342,33,202,102,5,0
Cobb,Oregon 03,Secretary Of State,,REP,BRAD RAFFENSPERGER,233,27,132,70,1,3
Cobb,Oregon 04,Secretary Of State,,REP,BRAD RAFFENSPERGER,328,40,206,81,0,1
Cobb,Oregon 05,Secretary Of State,,REP,BRAD RAFFENSPERGER,469,22,353,90,4,0
Cobb,Pebblebrook 01,Secretary Of State,,REP,BRAD RAFFENSPERGER,190,21,134,7,28,0
Cobb,Powers Ferry 01,Secretary Of State,,REP,BRAD RAFFENSPERGER,449,30,327,28,64,0
Cobb,Pine Mountain 01,Secretary Of State,,REP,BRAD RAFFENSPERGER,659,60,462,107,27,3
Cobb,Pine Mountain 02,Secretary Of State,,REP,BRAD RAFFENSPERGER,789,51,562,169,7,0
Cobb,Post Oak 01,Secretary Of State,,REP,BRAD RAFFENSPERGER,748,31,671,8,38,0
Cobb,Pope 01,Secretary Of State,,REP,BRAD RAFFENSPERGER,546,46,404,8,88,0
Cobb,Palmer 01,Secretary Of State,,REP,BRAD RAFFENSPERGER,390,35,318,9,28,0
Cobb,Powder Springs 1A,Secretary Of State,,REP,BRAD RAFFENSPERGER,333,23,240,70,0,0
Cobb,Powder Springs 2A,Secretary Of State,,REP,BRAD RAFFENSPERGER,137,7,93,35,2,0
Cobb,Powder Springs 3A,Secretary Of State,,REP,BRAD RAFFENSPERGER,280,36,203,41,0,0
Cobb,Pitner 01,Secretary Of State,,REP,BRAD RAFFENSPERGER,360,23,307,10,20,0
Cobb,Rocky Mount 01,Secretary Of State,,REP,BRAD RAFFENSPERGER,600,19,546,7,26,2
Cobb,Riverside 01,Secretary Of State,,REP,BRAD RAFFENSPERGER,31,4,21,0,6,0
Cobb,Roswell 01,Secretary Of State,,REP,BRAD RAFFENSPERGER,969,64,718,7,180,0
Cobb,Roswell 02,Secretary Of State,,REP,BRAD RAFFENSPERGER,672,27,546,3,96,0
Cobb,Sandy Plains 01,Secretary Of State,,REP,BRAD RAFFENSPERGER,449,37,365,7,40,0
Cobb,Shallowford Falls 01,Secretary Of State,,REP,BRAD RAFFENSPERGER,628,35,506,7,80,0
Cobb,Simpson 01,Secretary Of State,,REP,BRAD RAFFENSPERGER,286,22,233,5,24,2
Cobb,Sewell Mill 01,Secretary Of State,,REP,BRAD RAFFENSPERGER,562,42,432,5,83,0
Cobb,Sewell Mill 03,Secretary Of State,,REP,BRAD RAFFENSPERGER,539,50,424,12,53,0
Cobb,Smyrna 1A,Secretary Of State,,REP,BRAD RAFFENSPERGER,143,18,111,12,2,0
Cobb,Smyrna 2A,Secretary Of State,,REP,BRAD RAFFENSPERGER,231,24,178,24,5,0
Cobb,Smyrna 3A,Secretary Of State,,REP,BRAD RAFFENSPERGER,449,34,351,60,4,0
Cobb,Smyrna 4A,Secretary Of State,,REP,BRAD RAFFENSPERGER,700,91,477,124,7,1
Cobb,Smyrna 5A,Secretary Of State,,REP,BRAD RAFFENSPERGER,268,40,185,41,1,1
Cobb,Smyrna 6A,Secretary Of State,,REP,BRAD RAFFENSPERGER,643,76,503,60,4,0
Cobb,Smyrna 7A,Secretary Of State,,REP,BRAD RAFFENSPERGER,378,35,284,38,21,0
Cobb,Sope Creek 01,Secretary Of State,,REP,BRAD RAFFENSPERGER,498,43,322,2,131,0
Cobb,Sope Creek 02,Secretary Of State,,REP,BRAD RAFFENSPERGER,659,56,453,16,134,0
Cobb,Sope Creek 03,Secretary Of State,,REP,BRAD RAFFENSPERGER,527,39,379,4,103,2
Cobb,Sweetwater 01,Secretary Of State,,REP,BRAD RAFFENSPERGER,343,22,256,64,1,0
Cobb,Sweetwater 02,Secretary Of State,,REP,BRAD RAFFENSPERGER,139,29,86,21,1,2
Cobb,Terrell Mill 01,Secretary Of State,,REP,BRAD RAFFENSPERGER,379,21,276,4,78,0
Cobb,Timber Ridge 01,Secretary Of State,,REP,BRAD RAFFENSPERGER,426,27,311,0,88,0
Cobb,Vaughan 01,Secretary Of State,,REP,BRAD RAFFENSPERGER,666,27,460,174,4,1
Cobb,Vinings 01,Secretary Of State,,REP,BRAD RAFFENSPERGER,219,14,187,14,4,0
Cobb,Vinings 02,Secretary Of State,,REP,BRAD RAFFENSPERGER,399,42,301,38,18,0
Cobb,Vinings 03,Secretary Of State,,REP,BRAD RAFFENSPERGER,330,42,243,34,9,2
Cobb,Vinings 04,Secretary Of State,,REP,BRAD RAFFENSPERGER,599,62,516,13,8,0
Cobb,Wade Green 02,Secretary Of State,,REP,BRAD RAFFENSPERGER,505,29,397,13,66,0
Cobb,Willeo 01,Secretary Of State,,REP,BRAD RAFFENSPERGER,523,44,419,4,56,0
Cobb,Acworth 1A,Secretary Of State,,DEM,JOHN BARROW,482,32,266,16,168,0
Cobb,Acworth 1B,Secretary Of State,,DEM,JOHN BARROW,359,32,212,10,101,4
Cobb,Acworth 1C,Secretary Of State,,DEM,JOHN BARROW,439,30,302,4,103,0
Cobb,Addison 01,Secretary Of State,,DEM,JOHN BARROW,348,30,277,19,22,0
Cobb,Austell 1A,Secretary Of State,,DEM,JOHN BARROW,684,28,573,35,40,8
Cobb,Bells Ferry 02,Secretary Of State,,DEM,JOHN BARROW,325,13,275,22,15,0
Cobb,Bells Ferry 03,Secretary Of State,,DEM,JOHN BARROW,544,42,452,28,21,1
Cobb,Big Shanty 01,Secretary Of State,,DEM,JOHN BARROW,184,10,144,10,20,0
Cobb,Big Shanty 02,Secretary Of State,,DEM,JOHN BARROW,347,21,277,14,34,1
Cobb,Baker 01,Secretary Of State,,DEM,JOHN BARROW,462,21,345,7,89,0
Cobb,Birney 01,Secretary Of State,,DEM,JOHN BARROW,294,25,202,62,4,1
Cobb,Birney 02,Secretary Of State,,DEM,JOHN BARROW,620,31,449,105,31,4
Cobb,Bryant 01,Secretary Of State,,DEM,JOHN BARROW,468,18,305,9,135,1
Cobb,Bryant 02,Secretary Of State,,DEM,JOHN BARROW,675,41,472,10,152,0
Cobb,Blackwell 01,Secretary Of State,,DEM,JOHN BARROW,353,17,298,26,12,0
Cobb,Chattahoochee 01,Secretary Of State,,DEM,JOHN BARROW,594,23,464,35,69,3
Cobb,Cheatham Hill 02,Secretary Of State,,DEM,JOHN BARROW,291,13,195,83,0,0
Cobb,Cheatham Hill 03,Secretary Of State,,DEM,JOHN BARROW,525,24,345,153,3,0
Cobb,Chalker 01,Secretary Of State,,DEM,JOHN BARROW,386,29,280,46,31,0
Cobb,Clarkdale 01,Secretary Of State,,DEM,JOHN BARROW,204,12,158,22,12,0
Cobb,Clarkdale 02,Secretary Of State,,DEM,JOHN BARROW,789,30,662,63,33,1
Cobb,Cooper 01,Secretary Of State,,DEM,JOHN BARROW,619,38,470,73,37,1
Cobb,Chestnut Ridge 01,Secretary Of State,,DEM,JOHN BARROW,412,28,302,4,78,0
Cobb,Dickerson 01,Secretary Of State,,DEM,JOHN BARROW,368,29,251,5,83,0
Cobb,Dobbins 01,Secretary Of State,,DEM,JOHN BARROW,423,18,332,40,30,3
Cobb,Dowell 01,Secretary Of State,,DEM,JOHN BARROW,407,14,273,119,1,0
Cobb,Dodgen 01,Secretary Of State,,DEM,JOHN BARROW,285,13,216,1,55,0
Cobb,Durham 01,Secretary Of State,,DEM,JOHN BARROW,274,15,203,26,29,1
Cobb,Davis 01,Secretary Of State,,DEM,JOHN BARROW,242,12,208,9,12,1
Cobb,Eastside 01,Secretary Of State,,DEM,JOHN BARROW,453,39,290,2,121,1
Cobb,Eastside 02,Secretary Of State,,DEM,JOHN BARROW,585,41,423,8,113,0
Cobb,Elizabeth 01,Secretary Of State,,DEM,JOHN BARROW,275,13,217,37,8,0
Cobb,Elizabeth 02,Secretary Of State,,DEM,JOHN BARROW,276,17,216,23,20,0
Cobb,Elizabeth 03,Secretary Of State,,DEM,JOHN BARROW,340,32,234,38,36,0
Cobb,Elizabeth 04,Secretary Of State,,DEM,JOHN BARROW,400,32,301,29,38,0
Cobb,Elizabeth 05,Secretary Of State,,DEM,JOHN BARROW,401,31,315,7,48,0
Cobb,East Piedmont 01,Secretary Of State,,DEM,JOHN BARROW,262,12,219,26,5,0
Cobb,Fair Oaks 02,Secretary Of State,,DEM,JOHN BARROW,673,32,443,193,4,1
Cobb,Fair Oaks 04,Secretary Of State,,DEM,JOHN BARROW,348,37,261,45,2,3
Cobb,Fullers Park 01,Secretary Of State,,DEM,JOHN BARROW,412,14,298,8,91,1
Cobb,Ford 01,Secretary Of State,,DEM,JOHN BARROW,222,7,176,35,4,0
Cobb,Frey 01,Secretary Of State,,DEM,JOHN BARROW,201,10,128,9,54,0
Cobb,Garrison Mill 01,Secretary Of State,,DEM,JOHN BARROW,400,24,320,11,45,0
Cobb,Gritters 01,Secretary Of State,,DEM,JOHN BARROW,428,22,355,27,24,0
Cobb,Harmony-Leland 01,Secretary Of State,,DEM,JOHN BARROW,1114,55,816,30,210,3
Cobb,Harrison 01,Secretary Of State,,DEM,JOHN BARROW,216,8,146,55,7,0
Cobb,Hightower 01,Secretary Of State,,DEM,JOHN BARROW,506,51,363,6,85,1
Cobb,Hayes 01,Secretary Of State,,DEM,JOHN BARROW,339,16,259,29,35,0
Cobb,Kennesaw 1A,Secretary Of State,,DEM,JOHN BARROW,170,17,137,2,14,0
Cobb,Kennesaw 2A,Secretary Of State,,DEM,JOHN BARROW,319,14,247,23,34,1
Cobb,Kennesaw 3A,Secretary Of State,,DEM,JOHN BARROW,531,43,384,64,37,3
Cobb,Kennesaw 4A,Secretary Of State,,DEM,JOHN BARROW,332,25,256,10,41,0
Cobb,Kennesaw 5A,Secretary Of State,,DEM,JOHN BARROW,663,36,536,12,79,0
Cobb,Kell 01,Secretary Of State,,DEM,JOHN BARROW,205,13,167,8,17,0
Cobb,Kemp 01,Secretary Of State,,DEM,JOHN BARROW,174,6,122,45,1,0
Cobb,Kemp 02,Secretary Of State,,DEM,JOHN BARROW,419,33,263,117,6,0
Cobb,Kemp 03,Secretary Of State,,DEM,JOHN BARROW,298,15,183,96,2,2
Cobb,Lassiter 01,Secretary Of State,,DEM,JOHN BARROW,379,16,334,14,14,1
Cobb,Lindley 01,Secretary Of State,,DEM,JOHN BARROW,956,42,734,49,130,1
Cobb,Lost Mountain 01,Secretary Of State,,DEM,JOHN BARROW,369,26,197,143,2,1
Cobb,Lost Mountain 02,Secretary Of State,,DEM,JOHN BARROW,290,12,204,65,8,1
Cobb,Lost Mountain 03,Secretary Of State,,DEM,JOHN BARROW,475,17,278,177,3,0
Cobb,Lost Mountain 04,Secretary Of State,,DEM,JOHN BARROW,240,13,163,40,24,0
Cobb,Mableton 01,Secretary Of State,,DEM,JOHN BARROW,747,29,573,79,65,1
Cobb,Mableton 02,Secretary Of State,,DEM,JOHN BARROW,331,17,259,17,37,1
Cobb,Mableton 03,Secretary Of State,,DEM,JOHN BARROW,380,22,319,15,24,0
Cobb,Mableton 04,Secretary Of State,,DEM,JOHN BARROW,230,13,178,17,21,1
Cobb,Mabry 01,Secretary Of State,,DEM,JOHN BARROW,169,12,147,2,8,0
Cobb,Macland 01,Secretary Of State,,DEM,JOHN BARROW,593,38,420,132,1,2
Cobb,Murdock 01,Secretary Of State,,DEM,JOHN BARROW,495,34,389,3,69,0
Cobb,McEachern 01,Secretary Of State,,DEM,JOHN BARROW,501,15,381,99,5,1
Cobb,McCleskey 01,Secretary Of State,,DEM,JOHN BARROW,201,10,171,10,9,1
Cobb,McClure 01,Secretary Of State,,DEM,JOHN BARROW,276,15,201,13,47,0
Cobb,Marietta 1A,Secretary Of State,,DEM,JOHN BARROW,357,30,249,60,16,2
Cobb,Marietta 2A,Secretary Of State,,DEM,JOHN BARROW,260,17,184,57,2,0
Cobb,Marietta 2B,Secretary Of State,,DEM,JOHN BARROW,528,30,330,164,1,3
Cobb,Marietta 3A,Secretary Of State,,DEM,JOHN BARROW,779,66,478,227,3,5
Cobb,Marietta 4A,Secretary Of State,,DEM,JOHN BARROW,222,15,165,41,1,0
Cobb,Marietta 4B,Secretary Of State,,DEM,JOHN BARROW,270,31,201,38,0,0
Cobb,Marietta 4C,Secretary Of State,,DEM,JOHN BARROW,301,20,196,85,0,0
Cobb,Marietta 5A,Secretary Of State,,DEM,JOHN BARROW,354,35,258,55,6,0
Cobb,Marietta 5B,Secretary Of State,,DEM,JOHN BARROW,223,17,167,30,6,3
Cobb,Marietta 6A,Secretary Of State,,DEM,JOHN BARROW,230,25,163,24,17,1
Cobb,Marietta 6B,Secretary Of State,,DEM,JOHN BARROW,429,22,350,31,26,0
Cobb,Marietta 7A,Secretary Of State,,DEM,JOHN BARROW,279,24,195,41,16,3
Cobb,Mars Hill 01,Secretary Of State,,DEM,JOHN BARROW,186,19,131,8,27,1
Cobb,Mars Hill 02,Secretary Of State,,DEM,JOHN BARROW,243,15,165,5,56,2
Cobb,Mount Bethel 01,Secretary Of State,,DEM,JOHN BARROW,506,47,307,0,152,0
Cobb,Mount Bethel 03,Secretary Of State,,DEM,JOHN BARROW,391,33,228,0,130,0
Cobb,Mount Bethel 04,Secretary Of State,,DEM,JOHN BARROW,428,37,281,3,107,0
Cobb,North Cobb 01,Secretary Of State,,DEM,JOHN BARROW,236,10,171,3,51,1
Cobb,Nickajack 01,Secretary Of State,,DEM,JOHN BARROW,652,26,536,51,37,2
Cobb,Norton Park 01,Secretary Of State,,DEM,JOHN BARROW,490,32,391,59,7,1
Cobb,Nicholson 01,Secretary Of State,,DEM,JOHN BARROW,247,10,217,14,6,0
Cobb,Oakdale 01,Secretary Of State,,DEM,JOHN BARROW,557,35,441,61,20,0
Cobb,Oregon 01,Secretary Of State,,DEM,JOHN BARROW,171,4,128,38,1,0
Cobb,Oregon 02,Secretary Of State,,DEM,JOHN BARROW,808,51,517,232,7,1
Cobb,Oregon 03,Secretary Of State,,DEM,JOHN BARROW,497,42,311,138,4,2
Cobb,Oregon 04,Secretary Of State,,DEM,JOHN BARROW,712,53,466,188,4,1
Cobb,Oregon 05,Secretary Of State,,DEM,JOHN BARROW,533,30,366,132,3,2
Cobb,Pebblebrook 01,Secretary Of State,,DEM,JOHN BARROW,777,45,557,19,156,0
Cobb,Powers Ferry 01,Secretary Of State,,DEM,JOHN BARROW,382,29,282,13,57,1
Cobb,Pine Mountain 01,Secretary Of State,,DEM,JOHN BARROW,265,13,200,36,16,0
Cobb,Pine Mountain 02,Secretary Of State,,DEM,JOHN BARROW,234,14,189,27,4,0
Cobb,Post Oak 01,Secretary Of State,,DEM,JOHN BARROW,400,27,337,7,29,0
Cobb,Pope 01,Secretary Of State,,DEM,JOHN BARROW,383,22,304,7,49,1
Cobb,Palmer 01,Secretary Of State,,DEM,JOHN BARROW,266,13,230,13,10,0
Cobb,Powder Springs 1A,Secretary Of State,,DEM,JOHN BARROW,681,43,503,117,15,3
Cobb,Powder Springs 2A,Secretary Of State,,DEM,JOHN BARROW,496,35,365,87,6,3
Cobb,Powder Springs 3A,Secretary Of State,,DEM,JOHN BARROW,528,19,431,69,5,4
Cobb,Pitner 01,Secretary Of State,,DEM,JOHN BARROW,279,15,222,14,28,0
Cobb,Rocky Mount 01,Secretary Of State,,DEM,JOHN BARROW,399,17,358,2,22,0
Cobb,Riverside 01,Secretary Of State,,DEM,JOHN BARROW,254,11,193,7,41,2
Cobb,Roswell 01,Secretary Of State,,DEM,JOHN BARROW,730,42,531,8,147,2
Cobb,Roswell 02,Secretary Of State,,DEM,JOHN BARROW,450,29,328,7,85,1
Cobb,Sandy Plains 01,Secretary Of State,,DEM,JOHN BARROW,368,24,298,13,33,0
Cobb,Shallowford Falls 01,Secretary Of State,,DEM,JOHN BARROW,427,20,338,8,61,0
Cobb,Simpson 01,Secretary Of State,,DEM,JOHN BARROW,224,11,189,3,20,1
Cobb,Sewell Mill 01,Secretary Of State,,DEM,JOHN BARROW,428,30,339,9,50,0
Cobb,Sewell Mill 03,Secretary Of State,,DEM,JOHN BARROW,490,22,395,24,47,2
Cobb,Smyrna 1A,Secretary Of State,,DEM,JOHN BARROW,497,26,425,35,11,0
Cobb,Smyrna 2A,Secretary Of State,,DEM,JOHN BARROW,758,30,646,63,18,1
Cobb,Smyrna 3A,Secretary Of State,,DEM,JOHN BARROW,891,29,726,119,15,2
Cobb,Smyrna 4A,Secretary Of State,,DEM,JOHN BARROW,923,73,728,88,33,1
Cobb,Smyrna 5A,Secretary Of State,,DEM,JOHN BARROW,538,25,436,73,2,2
Cobb,Smyrna 6A,Secretary Of State,,DEM,JOHN BARROW,919,58,764,79,18,0
Cobb,Smyrna 7A,Secretary Of State,,DEM,JOHN BARROW,1154,70,834,123,124,3
Cobb,Sope Creek 01,Secretary Of State,,DEM,JOHN BARROW,329,22,215,1,91,0
Cobb,Sope Creek 02,Secretary Of State,,DEM,JOHN BARROW,562,34,391,12,124,1
Cobb,Sope Creek 03,Secretary Of State,,DEM,JOHN BARROW,334,25,256,1,50,2
Cobb,Sweetwater 01,Secretary Of State,,DEM,JOHN BARROW,401,23,319,50,7,2
Cobb,Sweetwater 02,Secretary Of State,,DEM,JOHN BARROW,309,41,226,32,9,1
Cobb,Terrell Mill 01,Secretary Of State,,DEM,JOHN BARROW,617,32,446,22,114,3
Cobb,Timber Ridge 01,Secretary Of State,,DEM,JOHN BARROW,318,32,207,1,78,0
Cobb,Vaughan 01,Secretary Of State,,DEM,JOHN BARROW,239,7,175,55,2,0
Cobb,Vinings 01,Secretary Of State,,DEM,JOHN BARROW,396,32,328,20,16,0
Cobb,Vinings 02,Secretary Of State,,DEM,JOHN BARROW,744,64,606,43,30,1
Cobb,Vinings 03,Secretary Of State,,DEM,JOHN BARROW,569,33,477,38,20,1
Cobb,Vinings 04,Secretary Of State,,DEM,JOHN BARROW,361,25,301,18,16,1
Cobb,Wade Green 02,Secretary Of State,,DEM,JOHN BARROW,547,41,411,22,72,1
Cobb,Willeo 01,Secretary Of State,,DEM,JOHN BARROW,361,20,293,4,44,0
Cobb,Acworth 1A,"Public Service Commission, District 3",3,(REP,CHUCK EATON,618,58,327,19,213,1
Cobb,Acworth 1B,"Public Service Commission, District 3",3,(REP,CHUCK EATON,601,67,377,10,146,1
Cobb,Acworth 1C,"Public Service Commission, District 3",3,(REP,CHUCK EATON,296,26,199,6,64,1
Cobb,Addison 01,"Public Service Commission, District 3",3,(REP,CHUCK EATON,381,38,299,21,23,0
Cobb,Austell 1A,"Public Service Commission, District 3",3,(REP,CHUCK EATON,167,16,134,10,7,0
Cobb,Bells Ferry 02,"Public Service Commission, District 3",3,(REP,CHUCK EATON,413,38,347,16,12,0
Cobb,Bells Ferry 03,"Public Service Commission, District 3",3,(REP,CHUCK EATON,716,69,572,34,39,2
Cobb,Big Shanty 01,"Public Service Commission, District 3",3,(REP,CHUCK EATON,293,29,210,17,35,2
Cobb,Big Shanty 02,"Public Service Commission, District 3",3,(REP,CHUCK EATON,471,31,378,17,45,0
Cobb,Baker 01,"Public Service Commission, District 3",3,(REP,CHUCK EATON,360,19,286,6,49,0
Cobb,Birney 01,"Public Service Commission, District 3",3,(REP,CHUCK EATON,262,23,177,61,1,0
Cobb,Birney 02,"Public Service Commission, District 3",3,(REP,CHUCK EATON,325,36,226,58,5,0
Cobb,Bryant 01,"Public Service Commission, District 3",3,(REP,CHUCK EATON,36,6,28,0,2,0
Cobb,Bryant 02,"Public Service Commission, District 3",3,(REP,CHUCK EATON,29,2,23,2,2,0
Cobb,Blackwell 01,"Public Service Commission, District 3",3,(REP,CHUCK EATON,352,25,304,13,9,1
Cobb,Chattahoochee 01,"Public Service Commission, District 3",3,(REP,CHUCK EATON,164,6,122,8,27,1
Cobb,Cheatham Hill 02,"Public Service Commission, District 3",3,(REP,CHUCK EATON,559,25,365,165,4,0
Cobb,Cheatham Hill 03,"Public Service Commission, District 3",3,(REP,CHUCK EATON,675,55,431,188,1,0
Cobb,Chalker 01,"Public Service Commission, District 3",3,(REP,CHUCK EATON,434,53,312,33,36,0
Cobb,Clarkdale 01,"Public Service Commission, District 3",3,(REP,CHUCK EATON,161,30,105,25,1,0
Cobb,Clarkdale 02,"Public Service Commission, District 3",3,(REP,CHUCK EATON,386,20,309,53,3,1
Cobb,Cooper 01,"Public Service Commission, District 3",3,(REP,CHUCK EATON,198,19,130,44,4,1
Cobb,Chestnut Ridge 01,"Public Service Commission, District 3",3,(REP,CHUCK EATON,685,35,549,5,96,0
Cobb,Dickerson 01,"Public Service Commission, District 3",3,(REP,CHUCK EATON,497,28,352,1,116,0
Cobb,Dobbins 01,"Public Service Commission, District 3",3,(REP,CHUCK EATON,145,8,103,30,4,0
Cobb,Dowell 01,"Public Service Commission, District 3",3,(REP,CHUCK EATON,429,28,261,139,1,0
Cobb,Dodgen 01,"Public Service Commission, District 3",3,(REP,CHUCK EATON,426,28,311,6,80,1
Cobb,Durham 01,"Public Service Commission, District 3",3,(REP,CHUCK EATON,795,60,550,92,91,2
Cobb,Davis 01,"Public Service Commission, District 3",3,(REP,CHUCK EATON,344,17,299,9,19,0
Cobb,Eastside 01,"Public Service Commission, District 3",3,(REP,CHUCK EATON,600,37,392,4,167,0
Cobb,Eastside 02,"Public Service Commission, District 3",3,(REP,CHUCK EATON,834,42,586,12,193,1
Cobb,Elizabeth 01,"Public Service Commission, District 3",3,(REP,CHUCK EATON,182,6,134,32,9,1
Cobb,Elizabeth 02,"Public Service Commission, District 3",3,(REP,CHUCK EATON,409,54,304,36,15,0
Cobb,Elizabeth 03,"Public Service Commission, District 3",3,(REP,CHUCK EATON,528,44,406,27,51,0
Cobb,Elizabeth 04,"Public Service Commission, District 3",3,(REP,CHUCK EATON,299,19,241,14,23,2
Cobb,Elizabeth 05,"Public Service Commission, District 3",3,(REP,CHUCK EATON,448,35,343,15,55,0
Cobb,East Piedmont 01,"Public Service Commission, District 3",3,(REP,CHUCK EATON,259,15,220,15,9,0
Cobb,Fair Oaks 02,"Public Service Commission, District 3",3,(REP,CHUCK EATON,351,26,207,117,1,0
Cobb,Fair Oaks 04,"Public Service Commission, District 3",3,(REP,CHUCK EATON,254,28,157,69,0,0
Cobb,Fullers Park 01,"Public Service Commission, District 3",3,(REP,CHUCK EATON,583,53,408,12,107,3
Cobb,Ford 01,"Public Service Commission, District 3",3,(REP,CHUCK EATON,589,28,429,116,15,1
Cobb,Frey 01,"Public Service Commission, District 3",3,(REP,CHUCK EATON,467,42,312,38,75,0
Cobb,Garrison Mill 01,"Public Service Commission, District 3",3,(REP,CHUCK EATON,520,38,414,14,54,0
Cobb,Gritters 01,"Public Service Commission, District 3",3,(REP,CHUCK EATON,673,46,555,42,26,4
Cobb,Harmony-Leland 01,"Public Service Commission, District 3",3,(REP,CHUCK EATON,195,25,125,15,30,0
Cobb,Harrison 01,"Public Service Commission, District 3",3,(REP,CHUCK EATON,614,50,373,174,17,0
Cobb,Hightower 01,"Public Service Commission, District 3",3,(REP,CHUCK EATON,761,82,532,7,140,0
Cobb,Hayes 01,"Public Service Commission, District 3",3,(REP,CHUCK EATON,738,63,475,76,124,0
Cobb,Kennesaw 1A,"Public Service Commission, District 3",3,(REP,CHUCK EATON,225,9,177,10,28,1
Cobb,Kennesaw 2A,"Public Service Commission, District 3",3,(REP,CHUCK EATON,467,42,327,25,72,1
Cobb,Kennesaw 3A,"Public Service Commission, District 3",3,(REP,CHUCK EATON,391,50,257,58,24,2
Cobb,Kennesaw 4A,"Public Service Commission, District 3",3,(REP,CHUCK EATON,411,36,290,19,66,0
Cobb,Kennesaw 5A,"Public Service Commission, District 3",3,(REP,CHUCK EATON,554,18,461,2,73,0
Cobb,Kell 01,"Public Service Commission, District 3",3,(REP,CHUCK EATON,342,27,292,10,12,1
Cobb,Kemp 01,"Public Service Commission, District 3",3,(REP,CHUCK EATON,443,23,280,138,1,1
Cobb,Kemp 02,"Public Service Commission, District 3",3,(REP,CHUCK EATON,659,52,426,179,2,0
Cobb,Kemp 03,"Public Service Commission, District 3",3,(REP,CHUCK EATON,837,57,510,260,10,0
Cobb,Lassiter 01,"Public Service Commission, District 3",3,(REP,CHUCK EATON,672,40,564,26,41,1
Cobb,Lindley 01,"Public Service Commission, District 3",3,(REP,CHUCK EATON,223,22,167,16,17,1
Cobb,Lost Mountain 01,"Public Service Commission, District 3",3,(REP,CHUCK EATON,669,39,328,298,4,0
Cobb,Lost Mountain 02,"Public Service Commission, District 3",3,(REP,CHUCK EATON,784,76,500,185,23,0
Cobb,Lost Mountain 03,"Public Service Commission, District 3",3,(REP,CHUCK EATON,955,58,460,434,3,0
Cobb,Lost Mountain 04,"Public Service Commission, District 3",3,(REP,CHUCK EATON,516,41,349,101,25,0
Cobb,Mableton 01,"Public Service Commission, District 3",3,(REP,CHUCK EATON,355,62,224,63,6,0
Cobb,Mableton 02,"Public Service Commission, District 3",3,(REP,CHUCK EATON,174,19,122,17,16,0
Cobb,Mableton 03,"Public Service Commission, District 3",3,(REP,CHUCK EATON,399,38,303,48,10,0
Cobb,Mableton 04,"Public Service Commission, District 3",3,(REP,CHUCK EATON,246,18,189,29,9,1
Cobb,Mabry 01,"Public Service Commission, District 3",3,(REP,CHUCK EATON,343,22,293,4,24,0
Cobb,Macland 01,"Public Service Commission, District 3",3,(REP,CHUCK EATON,269,18,182,69,0,0
Cobb,Murdock 01,"Public Service Commission, District 3",3,(REP,CHUCK EATON,775,51,605,10,109,0
Cobb,McEachern 01,"Public Service Commission, District 3",3,(REP,CHUCK EATON,415,31,289,95,0,0
Cobb,McCleskey 01,"Public Service Commission, District 3",3,(REP,CHUCK EATON,327,11,290,8,18,0
Cobb,McClure 01,"Public Service Commission, District 3",3,(REP,CHUCK EATON,565,41,398,14,111,1
Cobb,Marietta 1A,"Public Service Commission, District 3",3,(REP,CHUCK EATON,171,20,116,31,4,0
Cobb,Marietta 2A,"Public Service Commission, District 3",3,(REP,CHUCK EATON,418,25,257,136,0,0
Cobb,Marietta 2B,"Public Service Commission, District 3",3,(REP,CHUCK EATON,504,31,317,151,4,1
Cobb,Marietta 3A,"Public Service Commission, District 3",3,(REP,CHUCK EATON,605,58,370,174,2,1
Cobb,Marietta 4A,"Public Service Commission, District 3",3,(REP,CHUCK EATON,505,28,339,138,0,0
Cobb,Marietta 4B,"Public Service Commission, District 3",3,(REP,CHUCK EATON,249,35,156,56,2,0
Cobb,Marietta 4C,"Public Service Commission, District 3",3,(REP,CHUCK EATON,543,34,324,181,4,0
Cobb,Marietta 5A,"Public Service Commission, District 3",3,(REP,CHUCK EATON,178,11,121,42,3,1
Cobb,Marietta 5B,"Public Service Commission, District 3",3,(REP,CHUCK EATON,58,3,41,12,1,1
Cobb,Marietta 6A,"Public Service Commission, District 3",3,(REP,CHUCK EATON,83,7,54,14,8,0
Cobb,Marietta 6B,"Public Service Commission, District 3",3,(REP,CHUCK EATON,396,23,312,29,32,0
Cobb,Marietta 7A,"Public Service Commission, District 3",3,(REP,CHUCK EATON,83,14,54,11,4,0
Cobb,Mars Hill 01,"Public Service Commission, District 3",3,(REP,CHUCK EATON,605,57,433,23,92,0
Cobb,Mars Hill 02,"Public Service Commission, District 3",3,(REP,CHUCK EATON,354,24,250,12,68,0
Cobb,Mount Bethel 01,"Public Service Commission, District 3",3,(REP,CHUCK EATON,774,42,545,3,183,1
Cobb,Mount Bethel 03,"Public Service Commission, District 3",3,(REP,CHUCK EATON,548,38,317,0,193,0
Cobb,Mount Bethel 04,"Public Service Commission, District 3",3,(REP,CHUCK EATON,590,54,357,0,178,1
Cobb,North Cobb 01,"Public Service Commission, District 3",3,(REP,CHUCK EATON,304,33,204,5,62,0
Cobb,Nickajack 01,"Public Service Commission, District 3",3,(REP,CHUCK EATON,144,10,113,16,5,0
Cobb,Norton Park 01,"Public Service Commission, District 3",3,(REP,CHUCK EATON,446,47,313,84,1,1
Cobb,Nicholson 01,"Public Service Commission, District 3",3,(REP,CHUCK EATON,383,25,332,17,9,0
Cobb,Oakdale 01,"Public Service Commission, District 3",3,(REP,CHUCK EATON,348,31,263,51,3,0
Cobb,Oregon 01,"Public Service Commission, District 3",3,(REP,CHUCK EATON,326,14,216,96,0,0
Cobb,Oregon 02,"Public Service Commission, District 3",3,(REP,CHUCK EATON,327,33,189,101,4,0
Cobb,Oregon 03,"Public Service Commission, District 3",3,(REP,CHUCK EATON,225,25,124,72,1,3
Cobb,Oregon 04,"Public Service Commission, District 3",3,(REP,CHUCK EATON,318,39,195,83,0,1
Cobb,Oregon 05,"Public Service Commission, District 3",3,(REP,CHUCK EATON,464,24,347,90,3,0
Cobb,Pebblebrook 01,"Public Service Commission, District 3",3,(REP,CHUCK EATON,187,18,134,7,28,0
Cobb,Powers Ferry 01,"Public Service Commission, District 3",3,(REP,CHUCK EATON,434,30,314,28,62,0
Cobb,Pine Mountain 01,"Public Service Commission, District 3",3,(REP,CHUCK EATON,654,59,459,106,27,3
Cobb,Pine Mountain 02,"Public Service Commission, District 3",3,(REP,CHUCK EATON,774,50,553,164,7,0
Cobb,Post Oak 01,"Public Service Commission, District 3",3,(REP,CHUCK EATON,739,30,664,7,38,0
Cobb,Pope 01,"Public Service Commission, District 3",3,(REP,CHUCK EATON,531,41,396,8,86,0
Cobb,Palmer 01,"Public Service Commission, District 3",3,(REP,CHUCK EATON,385,32,314,9,30,0
Cobb,Powder Springs 1A,"Public Service Commission, District 3",3,(REP,CHUCK EATON,320,21,230,69,0,0
Cobb,Powder Springs 2A,"Public Service Commission, District 3",3,(REP,CHUCK EATON,129,6,89,32,2,0
Cobb,Powder Springs 3A,"Public Service Commission, District 3",3,(REP,CHUCK EATON,267,34,193,40,0,0
Cobb,Pitner 01,"Public Service Commission, District 3",3,(REP,CHUCK EATON,349,22,300,10,17,0
Cobb,Rocky Mount 01,"Public Service Commission, District 3",3,(REP,CHUCK EATON,591,20,537,6,26,2
Cobb,Riverside 01,"Public Service Commission, District 3",3,(REP,CHUCK EATON,30,4,20,0,6,0
Cobb,Roswell 01,"Public Service Commission, District 3",3,(REP,CHUCK EATON,951,64,700,7,180,0
Cobb,Roswell 02,"Public Service Commission, District 3",3,(REP,CHUCK EATON,662,24,536,3,99,0
Cobb,Sandy Plains 01,"Public Service Commission, District 3",3,(REP,CHUCK EATON,442,37,356,8,41,0
Cobb,Shallowford Falls 01,"Public Service Commission, District 3",3,(REP,CHUCK EATON,612,35,493,5,79,0
Cobb,Simpson 01,"Public Service Commission, District 3",3,(REP,CHUCK EATON,286,23,231,5,25,2
Cobb,Sewell Mill 01,"Public Service Commission, District 3",3,(REP,CHUCK EATON,550,41,421,5,83,0
Cobb,Sewell Mill 03,"Public Service Commission, District 3",3,(REP,CHUCK EATON,530,47,419,11,53,0
Cobb,Smyrna 1A,"Public Service Commission, District 3",3,(REP,CHUCK EATON,144,18,112,12,2,0
Cobb,Smyrna 2A,"Public Service Commission, District 3",3,(REP,CHUCK EATON,234,24,181,24,5,0
Cobb,Smyrna 3A,"Public Service Commission, District 3",3,(REP,CHUCK EATON,441,32,346,59,4,0
Cobb,Smyrna 4A,"Public Service Commission, District 3",3,(REP,CHUCK EATON,671,87,456,119,8,1
Cobb,Smyrna 5A,"Public Service Commission, District 3",3,(REP,CHUCK EATON,267,39,184,42,1,1
Cobb,Smyrna 6A,"Public Service Commission, District 3",3,(REP,CHUCK EATON,630,76,492,58,4,0
Cobb,Smyrna 7A,"Public Service Commission, District 3",3,(REP,CHUCK EATON,376,35,283,37,21,0
Cobb,Sope Creek 01,"Public Service Commission, District 3",3,(REP,CHUCK EATON,479,43,308,2,126,0
Cobb,Sope Creek 02,"Public Service Commission, District 3",3,(REP,CHUCK EATON,646,50,449,16,131,0
Cobb,Sope Creek 03,"Public Service Commission, District 3",3,(REP,CHUCK EATON,521,41,373,4,101,2
Cobb,Sweetwater 01,"Public Service Commission, District 3",3,(REP,CHUCK EATON,338,22,250,65,1,0
Cobb,Sweetwater 02,"Public Service Commission, District 3",3,(REP,CHUCK EATON,135,28,83,21,1,2
Cobb,Terrell Mill 01,"Public Service Commission, District 3",3,(REP,CHUCK EATON,364,20,263,4,77,0
Cobb,Timber Ridge 01,"Public Service Commission, District 3",3,(REP,CHUCK EATON,408,26,300,0,82,0
Cobb,Vaughan 01,"Public Service Commission, District 3",3,(REP,CHUCK EATON,648,27,446,170,4,1
Cobb,Vinings 01,"Public Service Commission, District 3",3,(REP,CHUCK EATON,218,15,186,14,3,0
Cobb,Vinings 02,"Public Service Commission, District 3",3,(REP,CHUCK EATON,400,41,302,39,18,0
Cobb,Vinings 03,"Public Service Commission, District 3",3,(REP,CHUCK EATON,326,38,243,34,9,2
Cobb,Vinings 04,"Public Service Commission, District 3",3,(REP,CHUCK EATON,594,65,509,12,8,0
Cobb,Wade Green 02,"Public Service Commission, District 3",3,(REP,CHUCK EATON,491,28,385,13,65,0
Cobb,Willeo 01,"Public Service Commission, District 3",3,(REP,CHUCK EATON,510,43,408,4,55,0
Cobb,Acworth 1A,"Public Service Commission, District 3",3,DEM,LINDY MILLER,484,31,273,16,164,0
Cobb,Acworth 1B,"Public Service Commission, District 3",3,DEM,LINDY MILLER,372,33,221,10,104,4
Cobb,Acworth 1C,"Public Service Commission, District 3",3,DEM,LINDY MILLER,434,30,296,4,104,0
Cobb,Addison 01,"Public Service Commission, District 3",3,DEM,LINDY MILLER,358,33,283,20,22,0
Cobb,Austell 1A,"Public Service Commission, District 3",3,DEM,LINDY MILLER,693,29,578,37,40,9
Cobb,Bells Ferry 02,"Public Service Commission, District 3",3,DEM,LINDY MILLER,331,13,282,22,14,0
Cobb,Bells Ferry 03,"Public Service Commission, District 3",3,DEM,LINDY MILLER,554,38,463,28,23,2
Cobb,Big Shanty 01,"Public Service Commission, District 3",3,DEM,LINDY MILLER,190,8,152,10,20,0
Cobb,Big Shanty 02,"Public Service Commission, District 3",3,DEM,LINDY MILLER,349,21,279,13,35,1
Cobb,Baker 01,"Public Service Commission, District 3",3,DEM,LINDY MILLER,468,20,349,8,91,0
Cobb,Birney 01,"Public Service Commission, District 3",3,DEM,LINDY MILLER,300,25,206,64,4,1
Cobb,Birney 02,"Public Service Commission, District 3",3,DEM,LINDY MILLER,631,33,459,104,31,4
Cobb,Bryant 01,"Public Service Commission, District 3",3,DEM,LINDY MILLER,466,18,303,9,135,1
Cobb,Bryant 02,"Public Service Commission, District 3",3,DEM,LINDY MILLER,674,42,470,10,152,0
Cobb,Blackwell 01,"Public Service Commission, District 3",3,DEM,LINDY MILLER,365,17,309,26,13,0
Cobb,Chattahoochee 01,"Public Service Commission, District 3",3,DEM,LINDY MILLER,596,26,463,35,69,3
Cobb,Cheatham Hill 02,"Public Service Commission, District 3",3,DEM,LINDY MILLER,290,13,196,81,0,0
Cobb,Cheatham Hill 03,"Public Service Commission, District 3",3,DEM,LINDY MILLER,546,24,357,162,3,0
Cobb,Chalker 01,"Public Service Commission, District 3",3,DEM,LINDY MILLER,398,31,289,46,32,0
Cobb,Clarkdale 01,"Public Service Commission, District 3",3,DEM,LINDY MILLER,208,12,160,24,12,0
Cobb,Clarkdale 02,"Public Service Commission, District 3",3,DEM,LINDY MILLER,793,30,667,62,33,1
Cobb,Cooper 01,"Public Service Commission, District 3",3,DEM,LINDY MILLER,625,37,475,75,37,1
Cobb,Chestnut Ridge 01,"Public Service Commission, District 3",3,DEM,LINDY MILLER,417,27,310,4,76,0
Cobb,Dickerson 01,"Public Service Commission, District 3",3,DEM,LINDY MILLER,384,34,261,4,85,0
Cobb,Dobbins 01,"Public Service Commission, District 3",3,DEM,LINDY MILLER,426,18,336,41,28,3
Cobb,Dowell 01,"Public Service Commission, District 3",3,DEM,LINDY MILLER,417,14,280,122,1,0
Cobb,Dodgen 01,"Public Service Commission, District 3",3,DEM,LINDY MILLER,297,13,224,1,59,0
Cobb,Durham 01,"Public Service Commission, District 3",3,DEM,LINDY MILLER,287,14,213,28,31,1
Cobb,Davis 01,"Public Service Commission, District 3",3,DEM,LINDY MILLER,256,12,222,9,12,1
Cobb,Eastside 01,"Public Service Commission, District 3",3,DEM,LINDY MILLER,469,42,302,2,122,1
Cobb,Eastside 02,"Public Service Commission, District 3",3,DEM,LINDY MILLER,600,41,437,8,114,0
Cobb,Elizabeth 01,"Public Service Commission, District 3",3,DEM,LINDY MILLER,280,14,220,38,8,0
Cobb,Elizabeth 02,"Public Service Commission, District 3",3,DEM,LINDY MILLER,271,20,209,23,19,0
Cobb,Elizabeth 03,"Public Service Commission, District 3",3,DEM,LINDY MILLER,341,31,235,39,36,0
Cobb,Elizabeth 04,"Public Service Commission, District 3",3,DEM,LINDY MILLER,401,32,301,29,39,0
Cobb,Elizabeth 05,"Public Service Commission, District 3",3,DEM,LINDY MILLER,402,31,316,7,48,0
Cobb,East Piedmont 01,"Public Service Commission, District 3",3,DEM,LINDY MILLER,262,10,220,27,5,0
Cobb,Fair Oaks 02,"Public Service Commission, District 3",3,DEM,LINDY MILLER,676,34,447,190,4,1
Cobb,Fair Oaks 04,"Public Service Commission, District 3",3,DEM,LINDY MILLER,348,35,263,46,1,3
Cobb,Fullers Park 01,"Public Service Commission, District 3",3,DEM,LINDY MILLER,418,11,310,8,88,1
Cobb,Ford 01,"Public Service Commission, District 3",3,DEM,LINDY MILLER,242,8,187,41,6,0
Cobb,Frey 01,"Public Service Commission, District 3",3,DEM,LINDY MILLER,216,14,137,9,56,0
Cobb,Garrison Mill 01,"Public Service Commission, District 3",3,DEM,LINDY MILLER,402,22,324,11,45,0
Cobb,Gritters 01,"Public Service Commission, District 3",3,DEM,LINDY MILLER,440,22,365,28,25,0
Cobb,Harmony-Leland 01,"Public Service Commission, District 3",3,DEM,LINDY MILLER,1122,57,819,33,210,3
Cobb,Harrison 01,"Public Service Commission, District 3",3,DEM,LINDY MILLER,235,10,156,61,8,0
Cobb,Hightower 01,"Public Service Commission, District 3",3,DEM,LINDY MILLER,515,50,373,6,85,1
Cobb,Hayes 01,"Public Service Commission, District 3",3,DEM,LINDY MILLER,349,16,265,29,38,1
Cobb,Kennesaw 1A,"Public Service Commission, District 3",3,DEM,LINDY MILLER,173,17,139,3,14,0
Cobb,Kennesaw 2A,"Public Service Commission, District 3",3,DEM,LINDY MILLER,317,14,244,23,35,1
Cobb,Kennesaw 3A,"Public Service Commission, District 3",3,DEM,LINDY MILLER,543,42,396,63,38,4
Cobb,Kennesaw 4A,"Public Service Commission, District 3",3,DEM,LINDY MILLER,341,25,267,9,40,0
Cobb,Kennesaw 5A,"Public Service Commission, District 3",3,DEM,LINDY MILLER,670,37,542,12,79,0
Cobb,Kell 01,"Public Service Commission, District 3",3,DEM,LINDY MILLER,212,12,174,9,17,0
Cobb,Kemp 01,"Public Service Commission, District 3",3,DEM,LINDY MILLER,176,5,123,47,1,0
Cobb,Kemp 02,"Public Service Commission, District 3",3,DEM,LINDY MILLER,437,33,273,124,7,0
Cobb,Kemp 03,"Public Service Commission, District 3",3,DEM,LINDY MILLER,306,14,192,96,2,2
Cobb,Lassiter 01,"Public Service Commission, District 3",3,DEM,LINDY MILLER,388,16,343,13,15,1
Cobb,Lindley 01,"Public Service Commission, District 3",3,DEM,LINDY MILLER,949,42,728,49,129,1
Cobb,Lost Mountain 01,"Public Service Commission, District 3",3,DEM,LINDY MILLER,380,26,204,146,3,1
Cobb,Lost Mountain 02,"Public Service Commission, District 3",3,DEM,LINDY MILLER,298,12,206,70,9,1
Cobb,Lost Mountain 03,"Public Service Commission, District 3",3,DEM,LINDY MILLER,481,17,280,181,3,0
Cobb,Lost Mountain 04,"Public Service Commission, District 3",3,DEM,LINDY MILLER,240,13,159,43,25,0
Cobb,Mableton 01,"Public Service Commission, District 3",3,DEM,LINDY MILLER,749,29,576,78,65,1
Cobb,Mableton 02,"Public Service Commission, District 3",3,DEM,LINDY MILLER,334,17,262,17,37,1
Cobb,Mableton 03,"Public Service Commission, District 3",3,DEM,LINDY MILLER,377,22,317,15,23,0
Cobb,Mableton 04,"Public Service Commission, District 3",3,DEM,LINDY MILLER,235,15,182,18,19,1
Cobb,Mabry 01,"Public Service Commission, District 3",3,DEM,LINDY MILLER,169,13,146,2,8,0
Cobb,Macland 01,"Public Service Commission, District 3",3,DEM,LINDY MILLER,594,36,421,134,1,2
Cobb,Murdock 01,"Public Service Commission, District 3",3,DEM,LINDY MILLER,511,33,403,3,72,0
Cobb,McEachern 01,"Public Service Commission, District 3",3,DEM,LINDY MILLER,514,16,392,100,5,1
Cobb,McCleskey 01,"Public Service Commission, District 3",3,DEM,LINDY MILLER,209,10,179,10,9,1
Cobb,McClure 01,"Public Service Commission, District 3",3,DEM,LINDY MILLER,281,15,204,13,49,0
Cobb,Marietta 1A,"Public Service Commission, District 3",3,DEM,LINDY MILLER,363,30,255,60,16,2
Cobb,Marietta 2A,"Public Service Commission, District 3",3,DEM,LINDY MILLER,275,18,200,55,2,0
Cobb,Marietta 2B,"Public Service Commission, District 3",3,DEM,LINDY MILLER,531,30,333,164,1,3
Cobb,Marietta 3A,"Public Service Commission, District 3",3,DEM,LINDY MILLER,800,65,498,229,3,5
Cobb,Marietta 4A,"Public Service Commission, District 3",3,DEM,LINDY MILLER,220,14,168,37,1,0
Cobb,Marietta 4B,"Public Service Commission, District 3",3,DEM,LINDY MILLER,274,30,206,38,0,0
Cobb,Marietta 4C,"Public Service Commission, District 3",3,DEM,LINDY MILLER,314,23,202,89,0,0
Cobb,Marietta 5A,"Public Service Commission, District 3",3,DEM,LINDY MILLER,359,37,261,55,6,0
Cobb,Marietta 5B,"Public Service Commission, District 3",3,DEM,LINDY MILLER,225,17,169,30,6,3
Cobb,Marietta 6A,"Public Service Commission, District 3",3,DEM,LINDY MILLER,232,23,168,24,16,1
Cobb,Marietta 6B,"Public Service Commission, District 3",3,DEM,LINDY MILLER,438,22,358,33,25,0
Cobb,Marietta 7A,"Public Service Commission, District 3",3,DEM,LINDY MILLER,279,24,195,41,16,3
Cobb,Mars Hill 01,"Public Service Commission, District 3",3,DEM,LINDY MILLER,190,19,138,7,25,1
Cobb,Mars Hill 02,"Public Service Commission, District 3",3,DEM,LINDY MILLER,253,16,173,5,57,2
Cobb,Mount Bethel 01,"Public Service Commission, District 3",3,DEM,LINDY MILLER,523,47,323,0,153,0
Cobb,Mount Bethel 03,"Public Service Commission, District 3",3,DEM,LINDY MILLER,387,33,225,0,129,0
Cobb,Mount Bethel 04,"Public Service Commission, District 3",3,DEM,LINDY MILLER,438,44,279,3,112,0
Cobb,North Cobb 01,"Public Service Commission, District 3",3,DEM,LINDY MILLER,243,10,176,3,53,1
Cobb,Nickajack 01,"Public Service Commission, District 3",3,DEM,LINDY MILLER,642,24,530,48,38,2
Cobb,Norton Park 01,"Public Service Commission, District 3",3,DEM,LINDY MILLER,503,34,404,57,7,1
Cobb,Nicholson 01,"Public Service Commission, District 3",3,DEM,LINDY MILLER,258,9,229,14,6,0
Cobb,Oakdale 01,"Public Service Commission, District 3",3,DEM,LINDY MILLER,556,35,441,60,20,0
Cobb,Oregon 01,"Public Service Commission, District 3",3,DEM,LINDY MILLER,179,4,134,40,1,0
Cobb,Oregon 02,"Public Service Commission, District 3",3,DEM,LINDY MILLER,817,49,525,234,8,1
Cobb,Oregon 03,"Public Service Commission, District 3",3,DEM,LINDY MILLER,502,44,316,136,4,2
Cobb,Oregon 04,"Public Service Commission, District 3",3,DEM,LINDY MILLER,718,54,475,184,4,1
Cobb,Oregon 05,"Public Service Commission, District 3",3,DEM,LINDY MILLER,537,29,371,131,4,2
Cobb,Pebblebrook 01,"Public Service Commission, District 3",3,DEM,LINDY MILLER,781,48,558,19,156,0
Cobb,Powers Ferry 01,"Public Service Commission, District 3",3,DEM,LINDY MILLER,398,29,296,13,59,1
Cobb,Pine Mountain 01,"Public Service Commission, District 3",3,DEM,LINDY MILLER,267,14,200,37,16,0
Cobb,Pine Mountain 02,"Public Service Commission, District 3",3,DEM,LINDY MILLER,248,15,197,32,4,0
Cobb,Post Oak 01,"Public Service Commission, District 3",3,DEM,LINDY MILLER,405,28,341,7,29,0
Cobb,Pope 01,"Public Service Commission, District 3",3,DEM,LINDY MILLER,395,25,312,7,50,1
Cobb,Palmer 01,"Public Service Commission, District 3",3,DEM,LINDY MILLER,270,16,233,13,8,0
Cobb,Powder Springs 1A,"Public Service Commission, District 3",3,DEM,LINDY MILLER,694,45,513,118,15,3
Cobb,Powder Springs 2A,"Public Service Commission, District 3",3,DEM,LINDY MILLER,499,35,366,89,6,3
Cobb,Powder Springs 3A,"Public Service Commission, District 3",3,DEM,LINDY MILLER,539,21,439,70,5,4
Cobb,Pitner 01,"Public Service Commission, District 3",3,DEM,LINDY MILLER,287,16,227,14,30,0
Cobb,Rocky Mount 01,"Public Service Commission, District 3",3,DEM,LINDY MILLER,406,16,365,3,22,0
Cobb,Riverside 01,"Public Service Commission, District 3",3,DEM,LINDY MILLER,251,11,190,7,41,2
Cobb,Roswell 01,"Public Service Commission, District 3",3,DEM,LINDY MILLER,744,41,546,8,147,2
Cobb,Roswell 02,"Public Service Commission, District 3",3,DEM,LINDY MILLER,457,32,335,7,82,1
Cobb,Sandy Plains 01,"Public Service Commission, District 3",3,DEM,LINDY MILLER,375,24,306,13,32,0
Cobb,Shallowford Falls 01,"Public Service Commission, District 3",3,DEM,LINDY MILLER,441,20,350,10,61,0
Cobb,Simpson 01,"Public Service Commission, District 3",3,DEM,LINDY MILLER,223,10,190,3,19,1
Cobb,Sewell Mill 01,"Public Service Commission, District 3",3,DEM,LINDY MILLER,438,30,349,9,50,0
Cobb,Sewell Mill 03,"Public Service Commission, District 3",3,DEM,LINDY MILLER,496,24,398,25,47,2
Cobb,Smyrna 1A,"Public Service Commission, District 3",3,DEM,LINDY MILLER,495,26,423,35,11,0
Cobb,Smyrna 2A,"Public Service Commission, District 3",3,DEM,LINDY MILLER,753,30,641,63,18,1
Cobb,Smyrna 3A,"Public Service Commission, District 3",3,DEM,LINDY MILLER,896,31,728,120,15,2
Cobb,Smyrna 4A,"Public Service Commission, District 3",3,DEM,LINDY MILLER,951,78,748,92,32,1
Cobb,Smyrna 5A,"Public Service Commission, District 3",3,DEM,LINDY MILLER,538,25,437,72,2,2
Cobb,Smyrna 6A,"Public Service Commission, District 3",3,DEM,LINDY MILLER,930,58,773,81,18,0
Cobb,Smyrna 7A,"Public Service Commission, District 3",3,DEM,LINDY MILLER,1156,69,835,125,124,3
Cobb,Sope Creek 01,"Public Service Commission, District 3",3,DEM,LINDY MILLER,347,22,229,1,95,0
Cobb,Sope Creek 02,"Public Service Commission, District 3",3,DEM,LINDY MILLER,570,40,392,12,125,1
Cobb,Sope Creek 03,"Public Service Commission, District 3",3,DEM,LINDY MILLER,338,23,260,1,52,2
Cobb,Sweetwater 01,"Public Service Commission, District 3",3,DEM,LINDY MILLER,401,23,321,48,7,2
Cobb,Sweetwater 02,"Public Service Commission, District 3",3,DEM,LINDY MILLER,312,42,228,32,9,1
Cobb,Terrell Mill 01,"Public Service Commission, District 3",3,DEM,LINDY MILLER,627,32,456,21,115,3
Cobb,Timber Ridge 01,"Public Service Commission, District 3",3,DEM,LINDY MILLER,335,32,218,1,84,0
Cobb,Vaughan 01,"Public Service Commission, District 3",3,DEM,LINDY MILLER,255,7,188,58,2,0
Cobb,Vinings 01,"Public Service Commission, District 3",3,DEM,LINDY MILLER,395,29,329,20,17,0
Cobb,Vinings 02,"Public Service Commission, District 3",3,DEM,LINDY MILLER,739,65,601,42,30,1
Cobb,Vinings 03,"Public Service Commission, District 3",3,DEM,LINDY MILLER,573,37,477,38,20,1
Cobb,Vinings 04,"Public Service Commission, District 3",3,DEM,LINDY MILLER,364,21,307,19,16,1
Cobb,Wade Green 02,"Public Service Commission, District 3",3,DEM,LINDY MILLER,555,42,420,19,73,1
Cobb,Willeo 01,"Public Service Commission, District 3",3,DEM,LINDY MILLER,373,21,303,4,45,0
