county,precinct,office,district,party,candidate,votes,provisional,absentee_by_mail,election_day,advance_in_person_3,advance_in_person_2,advance_in_person_1
DeKalb,ALLGOOD ELEM,Secretary Of State,,REP,BRAD RAFFENSPERGER,67,0,5,46,0,0,16
DeKalb,ASHFORD DUNWOODY RD,Secretary Of State,,REP,BRAD RAFFENSPERGER,348,0,12,298,0,0,38
DeKalb,ASHFORD PARK ELEM,Secretary Of State,,REP,BRAD RAFFENSPERGER,218,0,10,193,0,0,15
DeKalb,ASHFORD PARKSIDE,Secretary Of State,,REP,BRAD RAFFENSPERGER,337,0,23,254,0,0,60
DeKalb,AUSTIN,Secretary Of State,,REP,BRAD RAFFENSPERGER,464,0,11,286,0,0,167
DeKalb,AUSTIN DRIVE,Secretary Of State,,REP,BRAD RAFFENSPERGER,18,0,0,11,0,0,7
DeKalb,AVONDALE,Secretary Of State,,REP,BRAD RAFFENSPERGER,269,0,9,206,0,0,54
DeKalb,AVONDALE HIGH - 04,Secretary Of State,,REP,BRAD RAFFENSPERGER,53,0,4,29,0,0,20
DeKalb,AVONDALE HIGH - 05,Secretary Of State,,REP,BRAD RAFFENSPERGER,25,0,2,18,0,0,5
DeKalb,BETHUNE MIDDLE,Secretary Of State,,REP,BRAD RAFFENSPERGER,15,0,2,8,0,0,5
DeKalb,BOULDERCREST RD,Secretary Of State,,REP,BRAD RAFFENSPERGER,26,0,2,22,0,0,2
DeKalb,BOULEVARD,Secretary Of State,,REP,BRAD RAFFENSPERGER,60,0,0,56,0,0,4
DeKalb,BRIAR VISTA ELEM,Secretary Of State,,REP,BRAD RAFFENSPERGER,111,0,9,91,0,0,11
DeKalb,BRIARCLIFF,Secretary Of State,,REP,BRAD RAFFENSPERGER,228,0,30,186,0,0,12
DeKalb,BRIARLAKE ELEM,Secretary Of State,,REP,BRAD RAFFENSPERGER,252,0,11,218,0,0,23
DeKalb,BRIARWOOD,Secretary Of State,,REP,BRAD RAFFENSPERGER,127,0,2,120,0,0,5
DeKalb,BROCKETT,Secretary Of State,,REP,BRAD RAFFENSPERGER,269,0,20,229,0,0,20
DeKalb,BROCKETT ELEM,Secretary Of State,,REP,BRAD RAFFENSPERGER,218,0,14,176,0,0,28
DeKalb,BROOKHAVEN,Secretary Of State,,REP,BRAD RAFFENSPERGER,228,1,3,210,0,0,14
DeKalb,BROWNS MILL ELEM,Secretary Of State,,REP,BRAD RAFFENSPERGER,22,0,4,16,0,0,2
DeKalb,BURGESS ELEM,Secretary Of State,,REP,BRAD RAFFENSPERGER,33,0,0,33,0,0,0
DeKalb,CANBY LANE ELEM,Secretary Of State,,REP,BRAD RAFFENSPERGER,12,0,0,8,0,0,4
DeKalb,CANDLER,Secretary Of State,,REP,BRAD RAFFENSPERGER,18,0,1,13,0,0,4
DeKalb,CANDLER-MURPHEY CANDLER ELEM,Secretary Of State,,REP,BRAD RAFFENSPERGER,75,2,6,59,0,0,8
DeKalb,CEDAR GROVE ELEM,Secretary Of State,,REP,BRAD RAFFENSPERGER,24,0,7,12,0,0,5
DeKalb,CEDAR GROVE MIDDLE,Secretary Of State,,REP,BRAD RAFFENSPERGER,11,0,2,6,0,0,3
DeKalb,CEDAR GROVE SOUTH,Secretary Of State,,REP,BRAD RAFFENSPERGER,19,0,3,13,0,0,3
DeKalb,CHAMBLEE,Secretary Of State,,REP,BRAD RAFFENSPERGER,111,0,1,99,0,0,11
DeKalb,CHAMBLEE 2,Secretary Of State,,REP,BRAD RAFFENSPERGER,232,0,10,195,0,0,27
DeKalb,CHAPEL HILL ELEM,Secretary Of State,,REP,BRAD RAFFENSPERGER,14,0,0,12,0,0,2
DeKalb,CHESNUT ELEM,Secretary Of State,,REP,BRAD RAFFENSPERGER,155,0,4,115,0,0,36
DeKalb,CLAIREMONT EAST,Secretary Of State,,REP,BRAD RAFFENSPERGER,161,0,7,128,0,0,26
DeKalb,CLAIREMONT WEST,Secretary Of State,,REP,BRAD RAFFENSPERGER,156,0,23,121,0,0,12
DeKalb,CLAIRMONT ROAD,Secretary Of State,,REP,BRAD RAFFENSPERGER,171,0,34,128,0,0,9
DeKalb,CLARKSTON,Secretary Of State,,REP,BRAD RAFFENSPERGER,52,1,5,39,0,0,7
DeKalb,CLIFTON,Secretary Of State,,REP,BRAD RAFFENSPERGER,10,0,1,9,0,0,0
DeKalb,COLUMBIA DRIVE,Secretary Of State,,REP,BRAD RAFFENSPERGER,12,0,1,8,0,0,3
DeKalb,COLUMBIA ELEM,Secretary Of State,,REP,BRAD RAFFENSPERGER,5,0,0,2,0,0,3
DeKalb,COLUMBIA MIDDLE,Secretary Of State,,REP,BRAD RAFFENSPERGER,4,0,0,1,0,0,3
DeKalb,COAN RECREATION CENTER,Secretary Of State,,REP,BRAD RAFFENSPERGER,49,0,4,42,0,0,3
DeKalb,CORALWOOD,Secretary Of State,,REP,BRAD RAFFENSPERGER,313,1,13,264,0,0,35
DeKalb,COVINGTON,Secretary Of State,,REP,BRAD RAFFENSPERGER,25,0,0,21,0,0,4
DeKalb,COVINGTON HIGHWAY,Secretary Of State,,REP,BRAD RAFFENSPERGER,1,0,0,0,0,0,1
DeKalb,CROSS KEYS HIGH,Secretary Of State,,REP,BRAD RAFFENSPERGER,110,0,1,101,0,0,8
DeKalb,CROSSROADS,Secretary Of State,,REP,BRAD RAFFENSPERGER,19,0,0,15,0,0,4
DeKalb,DORAVILLE NORTH,Secretary Of State,,REP,BRAD RAFFENSPERGER,133,1,11,106,0,0,15
DeKalb,DORAVILLE SOUTH,Secretary Of State,,REP,BRAD RAFFENSPERGER,81,0,6,64,0,0,11
DeKalb,DRESDEN ELEM,Secretary Of State,,REP,BRAD RAFFENSPERGER,237,0,16,179,0,0,42
DeKalb,DRUID HILLS HIGH,Secretary Of State,,REP,BRAD RAFFENSPERGER,101,0,10,81,0,0,10
DeKalb,DUNAIRE ELEM,Secretary Of State,,REP,BRAD RAFFENSPERGER,54,0,2,39,0,0,13
DeKalb,DUNWOODY,Secretary Of State,,REP,BRAD RAFFENSPERGER,220,1,8,128,0,0,83
DeKalb,DUNWOODY 2,Secretary Of State,,REP,BRAD RAFFENSPERGER,317,1,11,159,0,0,146
DeKalb,DUNWOODY LIBRARY,Secretary Of State,,REP,BRAD RAFFENSPERGER,449,3,11,254,0,0,181
DeKalb,EAST LAKE,Secretary Of State,,REP,BRAD RAFFENSPERGER,63,0,1,49,0,0,13
DeKalb,EMBRY HILLS,Secretary Of State,,REP,BRAD RAFFENSPERGER,195,1,16,159,0,0,19
DeKalb,EMORY ROAD,Secretary Of State,,REP,BRAD RAFFENSPERGER,33,0,8,18,0,0,7
DeKalb,EMORY SOUTH,Secretary Of State,,REP,BRAD RAFFENSPERGER,145,0,9,129,0,0,7
DeKalb,EPWORTH,Secretary Of State,,REP,BRAD RAFFENSPERGER,81,0,6,65,0,0,10
DeKalb,EVANSDALE ELEM,Secretary Of State,,REP,BRAD RAFFENSPERGER,340,0,14,294,0,0,32
DeKalb,FAIRINGTON ELEM,Secretary Of State,,REP,BRAD RAFFENSPERGER,15,0,2,11,0,0,2
DeKalb,FERNBANK ELEM,Secretary Of State,,REP,BRAD RAFFENSPERGER,130,0,4,118,0,0,8
DeKalb,FLAKES MILL FIRE STATION,Secretary Of State,,REP,BRAD RAFFENSPERGER,12,1,0,10,0,0,1
DeKalb,FLAT ROCK ELEM,Secretary Of State,,REP,BRAD RAFFENSPERGER,10,0,1,5,0,0,4
DeKalb,FLAT SHOALS,Secretary Of State,,REP,BRAD RAFFENSPERGER,9,0,0,4,0,0,5
DeKalb,FLAT SHOALS ELEM,Secretary Of State,,REP,BRAD RAFFENSPERGER,6,0,0,3,0,0,3
DeKalb,FLAT SHOALS LIBRARY,Secretary Of State,,REP,BRAD RAFFENSPERGER,6,0,0,4,0,0,2
DeKalb,FLAT SHOALS PARKWAY,Secretary Of State,,REP,BRAD RAFFENSPERGER,25,0,2,15,0,0,8
DeKalb,FREEDOM MIDDLE,Secretary Of State,,REP,BRAD RAFFENSPERGER,61,0,6,45,0,0,10
DeKalb,GEORGETOWN SQUARE,Secretary Of State,,REP,BRAD RAFFENSPERGER,277,1,4,182,0,0,90
DeKalb,GLENHAVEN,Secretary Of State,,REP,BRAD RAFFENSPERGER,31,0,2,22,0,0,7
DeKalb,GLENNWOOD - 04,Secretary Of State,,REP,BRAD RAFFENSPERGER,28,1,1,21,0,0,5
DeKalb,GLENNWOOD - 05,Secretary Of State,,REP,BRAD RAFFENSPERGER,35,0,3,26,0,0,6
DeKalb,GLENWOOD ROAD,Secretary Of State,,REP,BRAD RAFFENSPERGER,24,0,2,14,0,0,8
DeKalb,GRESHAM ROAD,Secretary Of State,,REP,BRAD RAFFENSPERGER,25,0,0,24,0,0,1
DeKalb,HAMBRICK ELEM,Secretary Of State,,REP,BRAD RAFFENSPERGER,73,0,6,51,0,0,16
DeKalb,HARRIS-MARGARET HARRIS ED,Secretary Of State,,REP,BRAD RAFFENSPERGER,63,0,6,52,0,0,5
DeKalb,HARRIS-NARVIE J. HARRIS ELEM,Secretary Of State,,REP,BRAD RAFFENSPERGER,15,0,1,10,0,0,4
DeKalb,HAWTHORNE ELEM,Secretary Of State,,REP,BRAD RAFFENSPERGER,254,0,20,217,0,0,17
DeKalb,HENDERSON MILL,Secretary Of State,,REP,BRAD RAFFENSPERGER,322,1,24,256,0,0,41
DeKalb,HUGH HOWELL,Secretary Of State,,REP,BRAD RAFFENSPERGER,298,0,14,266,0,0,18
DeKalb,HUNTLEY HILLS ELEM,Secretary Of State,,REP,BRAD RAFFENSPERGER,181,0,12,130,0,0,39
DeKalb,IDLEWOOD ELEM,Secretary Of State,,REP,BRAD RAFFENSPERGER,110,0,5,97,0,0,8
DeKalb,INDIAN CREEK,Secretary Of State,,REP,BRAD RAFFENSPERGER,47,0,6,30,0,0,11
DeKalb,JOHNSON ESTATES,Secretary Of State,,REP,BRAD RAFFENSPERGER,79,0,2,70,0,0,7
DeKalb,JOLLY ELEM,Secretary Of State,,REP,BRAD RAFFENSPERGER,100,0,12,65,0,0,23
DeKalb,KELLEY CHAPEL ROAD,Secretary Of State,,REP,BRAD RAFFENSPERGER,9,0,1,6,0,0,2
DeKalb,KELLEY LAKE ELEM,Secretary Of State,,REP,BRAD RAFFENSPERGER,11,0,0,8,0,0,3
DeKalb,KING-ML KING JR HIGH,Secretary Of State,,REP,BRAD RAFFENSPERGER,19,0,3,10,0,0,6
DeKalb,KINGSLEY ELEM,Secretary Of State,,REP,BRAD RAFFENSPERGER,519,2,30,345,0,0,142
DeKalb,KNOLLWOOD,Secretary Of State,,REP,BRAD RAFFENSPERGER,23,0,0,18,0,0,5
DeKalb,KITTREDGE ELEM,Secretary Of State,,REP,BRAD RAFFENSPERGER,281,1,21,189,0,0,70
DeKalb,LAKESIDE HIGH,Secretary Of State,,REP,BRAD RAFFENSPERGER,401,0,44,310,0,0,47
DeKalb,LAVISTA,Secretary Of State,,REP,BRAD RAFFENSPERGER,142,0,14,116,0,0,12
DeKalb,LAVISTA ROAD,Secretary Of State,,REP,BRAD RAFFENSPERGER,152,0,12,132,0,0,8
DeKalb,LIN-MARY LIN ELEM,Secretary Of State,,REP,BRAD RAFFENSPERGER,117,0,10,97,0,0,10
DeKalb,LITHONIA,Secretary Of State,,REP,BRAD RAFFENSPERGER,21,0,2,19,0,0,0
DeKalb,LITHONIA HIGH,Secretary Of State,,REP,BRAD RAFFENSPERGER,8,0,0,7,0,0,1
DeKalb,LIVSEY ELEM,Secretary Of State,,REP,BRAD RAFFENSPERGER,183,0,12,157,0,0,14
DeKalb,MARBUT ELEM,Secretary Of State,,REP,BRAD RAFFENSPERGER,3,0,0,2,0,0,1
DeKalb,MATHIS-BOB MATHIS ELEM,Secretary Of State,,REP,BRAD RAFFENSPERGER,30,0,2,15,0,0,13
DeKalb,MCLENDON,Secretary Of State,,REP,BRAD RAFFENSPERGER,128,1,4,104,0,0,19
DeKalb,MCNAIR ACADEMY,Secretary Of State,,REP,BRAD RAFFENSPERGER,11,0,0,10,0,0,1
DeKalb,MCNAIR HIGH,Secretary Of State,,REP,BRAD RAFFENSPERGER,26,0,1,20,0,0,5
DeKalb,MCNAIR,Secretary Of State,,REP,BRAD RAFFENSPERGER,16,0,3,10,0,0,3
DeKalb,MCWILLIAMS,Secretary Of State,,REP,BRAD RAFFENSPERGER,15,0,0,12,0,0,3
DeKalb,MEADOWVIEW,Secretary Of State,,REP,BRAD RAFFENSPERGER,20,0,3,14,0,0,3
DeKalb,MEDLOCK,Secretary Of State,,REP,BRAD RAFFENSPERGER,141,2,13,119,0,0,7
DeKalb,MEMORIAL SOUTH,Secretary Of State,,REP,BRAD RAFFENSPERGER,23,0,0,20,0,0,3
DeKalb,METROPOLITAN,Secretary Of State,,REP,BRAD RAFFENSPERGER,40,0,2,31,0,0,7
DeKalb,MIDVALE ELEM,Secretary Of State,,REP,BRAD RAFFENSPERGER,476,0,30,400,0,0,46
DeKalb,MIDVALE ROAD,Secretary Of State,,REP,BRAD RAFFENSPERGER,77,0,6,64,0,0,7
DeKalb,MIDWAY,Secretary Of State,,REP,BRAD RAFFENSPERGER,21,0,2,7,0,0,12
DeKalb,MILLER-ELDRIDGE L. MILLER ELEM,Secretary Of State,,REP,BRAD RAFFENSPERGER,35,0,1,25,0,0,9
DeKalb,MILLER GROVE HIGH,Secretary Of State,,REP,BRAD RAFFENSPERGER,13,0,0,10,0,0,3
DeKalb,MILLER GROVE,Secretary Of State,,REP,BRAD RAFFENSPERGER,3,0,0,3,0,0,0
DeKalb,MILLER GROVE ROAD,Secretary Of State,,REP,BRAD RAFFENSPERGER,20,0,0,16,0,0,4
DeKalb,MONTCLAIR ELEM,Secretary Of State,,REP,BRAD RAFFENSPERGER,30,0,1,25,0,0,4
DeKalb,MONTGOMERY ELEM,Secretary Of State,,REP,BRAD RAFFENSPERGER,298,1,28,216,0,0,53
DeKalb,MONTREAL,Secretary Of State,,REP,BRAD RAFFENSPERGER,133,0,7,108,0,0,18
DeKalb,MT. VERNON EAST,Secretary Of State,,REP,BRAD RAFFENSPERGER,461,0,6,301,0,0,154
DeKalb,MT. VERNON WEST,Secretary Of State,,REP,BRAD RAFFENSPERGER,282,2,17,140,0,0,123
DeKalb,NORTH DECATUR,Secretary Of State,,REP,BRAD RAFFENSPERGER,46,0,4,35,0,0,7
DeKalb,NORTH HAIRSTON,Secretary Of State,,REP,BRAD RAFFENSPERGER,46,0,6,32,0,0,8
DeKalb,NORTH PEACHTREE,Secretary Of State,,REP,BRAD RAFFENSPERGER,140,1,4,103,0,0,32
DeKalb,NORTHLAKE,Secretary Of State,,REP,BRAD RAFFENSPERGER,150,0,2,139,0,0,9
DeKalb,OAK GROVE ELEM,Secretary Of State,,REP,BRAD RAFFENSPERGER,229,0,21,184,0,0,24
DeKalb,OAK VIEW ELEM,Secretary Of State,,REP,BRAD RAFFENSPERGER,11,0,3,4,0,0,4
DeKalb,OAKCLIFF ELEM,Secretary Of State,,REP,BRAD RAFFENSPERGER,76,0,5,59,0,0,12
DeKalb,OAKHURST,Secretary Of State,,REP,BRAD RAFFENSPERGER,53,0,2,42,0,0,9
DeKalb,PANOLA,Secretary Of State,,REP,BRAD RAFFENSPERGER,19,0,0,11,0,0,8
DeKalb,PANOLA ROAD,Secretary Of State,,REP,BRAD RAFFENSPERGER,6,0,0,1,0,0,5
DeKalb,PANOLA WAY ELEM,Secretary Of State,,REP,BRAD RAFFENSPERGER,6,0,0,6,0,0,0
DeKalb,PEACHCREST,Secretary Of State,,REP,BRAD RAFFENSPERGER,31,0,5,18,0,0,8
DeKalb,PEACHTREE MIDDLE,Secretary Of State,,REP,BRAD RAFFENSPERGER,202,4,13,99,0,0,86
DeKalb,PINE LAKE,Secretary Of State,,REP,BRAD RAFFENSPERGER,14,0,0,14,0,0,0
DeKalb,PINEY GROVE,Secretary Of State,,REP,BRAD RAFFENSPERGER,4,0,0,4,0,0,0
DeKalb,PLEASANTDALE ROAD,Secretary Of State,,REP,BRAD RAFFENSPERGER,111,0,10,88,0,0,13
DeKalb,PONCE DE LEON,Secretary Of State,,REP,BRAD RAFFENSPERGER,71,0,2,60,0,0,9
DeKalb,PRINCETON ELEM,Secretary Of State,,REP,BRAD RAFFENSPERGER,26,0,1,18,0,0,7
DeKalb,RAINBOW ELEM,Secretary Of State,,REP,BRAD RAFFENSPERGER,33,0,5,19,0,0,9
DeKalb,REDAN ELEM,Secretary Of State,,REP,BRAD RAFFENSPERGER,13,0,1,10,0,0,2
DeKalb,REDAN MIDDLE,Secretary Of State,,REP,BRAD RAFFENSPERGER,27,0,2,21,0,0,4
DeKalb,REDAN ROAD,Secretary Of State,,REP,BRAD RAFFENSPERGER,12,0,1,10,0,0,1
DeKalb,REDAN-TROTTI LIBRARY,Secretary Of State,,REP,BRAD RAFFENSPERGER,13,0,2,9,0,0,2
DeKalb,REHOBOTH,Secretary Of State,,REP,BRAD RAFFENSPERGER,155,0,8,124,0,0,23
DeKalb,RENFROE MIDDLE,Secretary Of State,,REP,BRAD RAFFENSPERGER,30,1,0,27,0,0,2
DeKalb,ROCK CHAPEL ELEM,Secretary Of State,,REP,BRAD RAFFENSPERGER,22,0,3,16,0,0,3
DeKalb,ROCK CHAPEL ROAD,Secretary Of State,,REP,BRAD RAFFENSPERGER,67,0,9,51,0,0,7
DeKalb,ROCKBRIDGE ELEM,Secretary Of State,,REP,BRAD RAFFENSPERGER,47,0,4,27,0,0,16
DeKalb,ROCKBRIDGE ROAD,Secretary Of State,,REP,BRAD RAFFENSPERGER,43,0,0,37,0,0,6
DeKalb,ROWLAND ELEM,Secretary Of State,,REP,BRAD RAFFENSPERGER,40,1,2,28,0,0,9
DeKalb,ROWLAND ROAD,Secretary Of State,,REP,BRAD RAFFENSPERGER,34,0,3,23,0,0,8
DeKalb,SAGAMORE HILLS ELEM,Secretary Of State,,REP,BRAD RAFFENSPERGER,313,1,15,272,0,0,25
DeKalb,SALEM MIDDLE,Secretary Of State,,REP,BRAD RAFFENSPERGER,17,0,1,11,0,0,5
DeKalb,SCOTT,Secretary Of State,,REP,BRAD RAFFENSPERGER,104,0,5,95,0,0,4
DeKalb,SHADOW ROCK ELEM,Secretary Of State,,REP,BRAD RAFFENSPERGER,47,0,8,30,0,0,9
DeKalb,SHAMROCK,Secretary Of State,,REP,BRAD RAFFENSPERGER,149,1,13,123,0,0,12
DeKalb,SHAW-ROBERT SHAW ELEM,Secretary Of State,,REP,BRAD RAFFENSPERGER,45,0,1,33,0,0,11
DeKalb,SILVER LAKE,Secretary Of State,,REP,BRAD RAFFENSPERGER,405,2,20,330,0,0,53
DeKalb,SKYLAND,Secretary Of State,,REP,BRAD RAFFENSPERGER,181,0,7,162,0,0,12
DeKalb,SMOKE RISE,Secretary Of State,,REP,BRAD RAFFENSPERGER,349,0,19,292,0,0,38
DeKalb,SNAPFINGER ELEM,Secretary Of State,,REP,BRAD RAFFENSPERGER,11,0,2,4,0,0,5
DeKalb,SNAPFINGER ROAD NORTH,Secretary Of State,,REP,BRAD RAFFENSPERGER,20,0,3,13,0,0,4
DeKalb,SNAPFINGER ROAD SOUTH,Secretary Of State,,REP,BRAD RAFFENSPERGER,18,0,1,14,0,0,3
DeKalb,SOUTH DESHON,Secretary Of State,,REP,BRAD RAFFENSPERGER,21,0,1,17,0,0,3
DeKalb,SOUTH HAIRSTON,Secretary Of State,,REP,BRAD RAFFENSPERGER,33,0,1,27,0,0,5
DeKalb,STEPHENSON HIGH,Secretary Of State,,REP,BRAD RAFFENSPERGER,40,0,2,27,0,0,11
DeKalb,STEPHENSON MIDDLE,Secretary Of State,,REP,BRAD RAFFENSPERGER,52,0,2,41,0,0,9
DeKalb,STONE MILL ELEM,Secretary Of State,,REP,BRAD RAFFENSPERGER,29,0,3,21,0,0,5
DeKalb,STONE MOUNTAIN CHAMPION,Secretary Of State,,REP,BRAD RAFFENSPERGER,66,0,2,52,0,0,12
DeKalb,STONE MOUNTAIN ELEM,Secretary Of State,,REP,BRAD RAFFENSPERGER,172,0,79,65,0,0,28
DeKalb,STONE MOUNTAIN,Secretary Of State,,REP,BRAD RAFFENSPERGER,60,0,2,47,0,0,11
DeKalb,STONE MOUNTAIN MIDDLE,Secretary Of State,,REP,BRAD RAFFENSPERGER,34,0,2,26,0,0,6
DeKalb,STONECREST LIBRARY (STC),Secretary Of State,,REP,BRAD RAFFENSPERGER,16,0,0,14,0,0,2
DeKalb,STONEVIEW ELEM,Secretary Of State,,REP,BRAD RAFFENSPERGER,14,0,0,9,0,0,5
DeKalb,TERRY MILL ELEM,Secretary Of State,,REP,BRAD RAFFENSPERGER,17,0,1,10,0,0,6
DeKalb,TILLY MILL ROAD,Secretary Of State,,REP,BRAD RAFFENSPERGER,283,1,12,212,0,0,58
DeKalb,TONEY ELEM,Secretary Of State,,REP,BRAD RAFFENSPERGER,9,0,0,9,0,0,0
DeKalb,TUCKER,Secretary Of State,,REP,BRAD RAFFENSPERGER,470,0,26,419,0,0,25
DeKalb,TUCKER LIBRARY,Secretary Of State,,REP,BRAD RAFFENSPERGER,235,0,15,208,0,0,12
DeKalb,VALLEY BROOK,Secretary Of State,,REP,BRAD RAFFENSPERGER,62,0,2,59,0,0,1
DeKalb,WADSWORTH - 05,Secretary Of State,,REP,BRAD RAFFENSPERGER,4,0,1,3,0,0,0
DeKalb,WADSWORTH - 04,Secretary Of State,,REP,BRAD RAFFENSPERGER,6,0,2,3,0,0,1
DeKalb,WARREN TECH,Secretary Of State,,REP,BRAD RAFFENSPERGER,107,1,6,90,0,0,10
DeKalb,WESLEY CHAPEL LIBRARY,Secretary Of State,,REP,BRAD RAFFENSPERGER,20,0,3,12,0,0,5
DeKalb,WHITE OAK,Secretary Of State,,REP,BRAD RAFFENSPERGER,11,0,0,9,0,0,2
DeKalb,WINNONA PARK,Secretary Of State,,REP,BRAD RAFFENSPERGER,56,0,1,46,0,0,9
DeKalb,WINTERS CHAPEL,Secretary Of State,,REP,BRAD RAFFENSPERGER,223,2,8,170,0,0,43
DeKalb,WOODRIDGE ELEM,Secretary Of State,,REP,BRAD RAFFENSPERGER,45,0,3,18,0,0,24
DeKalb,WOODROW ROAD,Secretary Of State,,REP,BRAD RAFFENSPERGER,34,0,8,23,0,0,3
DeKalb,WOODWARD,Secretary Of State,,REP,BRAD RAFFENSPERGER,118,0,7,86,0,0,25
DeKalb,WYNBROOKE ELEM,Secretary Of State,,REP,BRAD RAFFENSPERGER,53,0,0,36,0,0,17
DeKalb,YOUNG ROAD,Secretary Of State,,REP,BRAD RAFFENSPERGER,20,0,1,13,0,0,6
DeKalb,ALLGOOD ELEM,Secretary Of State,,DEM,JOHN BARROW,649,1,12,447,0,0,189
DeKalb,ASHFORD DUNWOODY RD,Secretary Of State,,DEM,JOHN BARROW,560,0,26,449,0,0,85
DeKalb,ASHFORD PARK ELEM,Secretary Of State,,DEM,JOHN BARROW,336,1,9,286,0,0,40
DeKalb,ASHFORD PARKSIDE,Secretary Of State,,DEM,JOHN BARROW,548,6,23,427,0,0,92
DeKalb,AUSTIN,Secretary Of State,,DEM,JOHN BARROW,399,0,14,215,0,0,170
DeKalb,AUSTIN DRIVE,Secretary Of State,,DEM,JOHN BARROW,375,2,14,257,0,0,102
DeKalb,AVONDALE,Secretary Of State,,DEM,JOHN BARROW,1056,1,21,789,0,0,245
DeKalb,AVONDALE HIGH - 04,Secretary Of State,,DEM,JOHN BARROW,639,0,11,453,0,0,175
DeKalb,AVONDALE HIGH - 05,Secretary Of State,,DEM,JOHN BARROW,472,1,12,314,0,0,145
DeKalb,BETHUNE MIDDLE,Secretary Of State,,DEM,JOHN BARROW,820,5,38,512,0,0,265
DeKalb,BOULDERCREST RD,Secretary Of State,,DEM,JOHN BARROW,473,0,2,374,0,0,97
DeKalb,BOULEVARD,Secretary Of State,,DEM,JOHN BARROW,1508,4,28,1267,0,0,209
DeKalb,BRIAR VISTA ELEM,Secretary Of State,,DEM,JOHN BARROW,703,0,23,607,0,0,73
DeKalb,BRIARCLIFF,Secretary Of State,,DEM,JOHN BARROW,572,0,36,480,0,0,56
DeKalb,BRIARLAKE ELEM,Secretary Of State,,DEM,JOHN BARROW,440,0,13,379,0,0,48
DeKalb,BRIARWOOD,Secretary Of State,,DEM,JOHN BARROW,355,2,4,324,0,0,25
DeKalb,BROCKETT,Secretary Of State,,DEM,JOHN BARROW,460,2,13,366,0,0,79
DeKalb,BROCKETT ELEM,Secretary Of State,,DEM,JOHN BARROW,456,1,13,353,0,0,89
DeKalb,BROOKHAVEN,Secretary Of State,,DEM,JOHN BARROW,511,1,10,447,0,0,53
DeKalb,BROWNS MILL ELEM,Secretary Of State,,DEM,JOHN BARROW,984,2,17,743,0,0,222
DeKalb,BURGESS ELEM,Secretary Of State,,DEM,JOHN BARROW,1049,2,10,867,0,0,170
DeKalb,CANBY LANE ELEM,Secretary Of State,,DEM,JOHN BARROW,407,4,22,264,0,0,117
DeKalb,CANDLER,Secretary Of State,,DEM,JOHN BARROW,598,2,30,417,0,0,149
DeKalb,CANDLER-MURPHEY CANDLER ELEM,Secretary Of State,,DEM,JOHN BARROW,715,1,21,558,0,0,135
DeKalb,CEDAR GROVE ELEM,Secretary Of State,,DEM,JOHN BARROW,924,2,28,636,0,0,258
DeKalb,CEDAR GROVE MIDDLE,Secretary Of State,,DEM,JOHN BARROW,265,3,8,176,0,0,78
DeKalb,CEDAR GROVE SOUTH,Secretary Of State,,DEM,JOHN BARROW,929,1,14,729,0,0,185
DeKalb,CHAMBLEE,Secretary Of State,,DEM,JOHN BARROW,312,2,5,262,0,0,43
DeKalb,CHAMBLEE 2,Secretary Of State,,DEM,JOHN BARROW,514,1,18,364,0,0,131
DeKalb,CHAPEL HILL ELEM,Secretary Of State,,DEM,JOHN BARROW,764,2,28,549,0,0,185
DeKalb,CHESNUT ELEM,Secretary Of State,,DEM,JOHN BARROW,359,4,11,244,0,0,100
DeKalb,CLAIREMONT EAST,Secretary Of State,,DEM,JOHN BARROW,1286,3,35,1038,0,0,210
DeKalb,CLAIREMONT WEST,Secretary Of State,,DEM,JOHN BARROW,1333,7,58,1014,0,0,254
DeKalb,CLAIRMONT ROAD,Secretary Of State,,DEM,JOHN BARROW,761,3,52,594,0,0,112
DeKalb,CLARKSTON,Secretary Of State,,DEM,JOHN BARROW,663,4,18,501,0,0,140
DeKalb,CLIFTON,Secretary Of State,,DEM,JOHN BARROW,322,1,17,202,0,0,102
DeKalb,COLUMBIA DRIVE,Secretary Of State,,DEM,JOHN BARROW,440,2,24,307,0,0,107
DeKalb,COLUMBIA ELEM,Secretary Of State,,DEM,JOHN BARROW,209,3,8,152,0,0,46
DeKalb,COLUMBIA MIDDLE,Secretary Of State,,DEM,JOHN BARROW,328,3,19,183,0,0,123
DeKalb,COAN RECREATION CENTER,Secretary Of State,,DEM,JOHN BARROW,959,0,31,776,0,0,152
DeKalb,CORALWOOD,Secretary Of State,,DEM,JOHN BARROW,943,5,32,753,0,0,153
DeKalb,COVINGTON,Secretary Of State,,DEM,JOHN BARROW,254,0,6,154,0,0,94
DeKalb,COVINGTON HIGHWAY,Secretary Of State,,DEM,JOHN BARROW,46,0,0,31,0,0,15
DeKalb,CROSS KEYS HIGH,Secretary Of State,,DEM,JOHN BARROW,294,3,17,229,0,0,45
DeKalb,CROSSROADS,Secretary Of State,,DEM,JOHN BARROW,649,0,10,458,0,0,181
DeKalb,DORAVILLE NORTH,Secretary Of State,,DEM,JOHN BARROW,330,1,9,273,0,0,47
DeKalb,DORAVILLE SOUTH,Secretary Of State,,DEM,JOHN BARROW,252,1,5,219,0,0,27
DeKalb,DRESDEN ELEM,Secretary Of State,,DEM,JOHN BARROW,749,4,28,601,0,0,116
DeKalb,DRUID HILLS HIGH,Secretary Of State,,DEM,JOHN BARROW,724,5,19,622,0,0,78
DeKalb,DUNAIRE ELEM,Secretary Of State,,DEM,JOHN BARROW,406,1,16,260,0,0,129
DeKalb,DUNWOODY,Secretary Of State,,DEM,JOHN BARROW,409,3,14,216,0,0,176
DeKalb,DUNWOODY 2,Secretary Of State,,DEM,JOHN BARROW,360,1,17,157,0,0,185
DeKalb,DUNWOODY LIBRARY,Secretary Of State,,DEM,JOHN BARROW,341,1,11,171,0,0,158
DeKalb,EAST LAKE,Secretary Of State,,DEM,JOHN BARROW,1077,3,57,770,0,0,247
DeKalb,EMBRY HILLS,Secretary Of State,,DEM,JOHN BARROW,382,1,13,322,0,0,46
DeKalb,EMORY ROAD,Secretary Of State,,DEM,JOHN BARROW,320,4,34,239,0,0,43
DeKalb,EMORY SOUTH,Secretary Of State,,DEM,JOHN BARROW,807,6,21,681,0,0,99
DeKalb,EPWORTH,Secretary Of State,,DEM,JOHN BARROW,1594,3,51,1268,0,0,272
DeKalb,EVANSDALE ELEM,Secretary Of State,,DEM,JOHN BARROW,675,0,25,573,0,0,77
DeKalb,FAIRINGTON ELEM,Secretary Of State,,DEM,JOHN BARROW,537,3,21,392,0,0,121
DeKalb,FERNBANK ELEM,Secretary Of State,,DEM,JOHN BARROW,861,1,37,667,0,0,156
DeKalb,FLAKES MILL FIRE STATION,Secretary Of State,,DEM,JOHN BARROW,475,1,30,363,0,0,81
DeKalb,FLAT ROCK ELEM,Secretary Of State,,DEM,JOHN BARROW,694,6,12,545,0,0,131
DeKalb,FLAT SHOALS,Secretary Of State,,DEM,JOHN BARROW,403,3,28,230,0,0,142
DeKalb,FLAT SHOALS ELEM,Secretary Of State,,DEM,JOHN BARROW,400,1,24,258,0,0,117
DeKalb,FLAT SHOALS LIBRARY,Secretary Of State,,DEM,JOHN BARROW,389,1,18,252,0,0,118
DeKalb,FLAT SHOALS PARKWAY,Secretary Of State,,DEM,JOHN BARROW,909,7,25,573,0,0,304
DeKalb,FREEDOM MIDDLE,Secretary Of State,,DEM,JOHN BARROW,506,3,11,341,0,0,151
DeKalb,GEORGETOWN SQUARE,Secretary Of State,,DEM,JOHN BARROW,469,12,6,272,0,0,179
DeKalb,GLENHAVEN,Secretary Of State,,DEM,JOHN BARROW,347,1,8,258,0,0,80
DeKalb,GLENNWOOD - 04,Secretary Of State,,DEM,JOHN BARROW,380,2,4,311,0,0,63
DeKalb,GLENNWOOD - 05,Secretary Of State,,DEM,JOHN BARROW,433,5,22,330,0,0,76
DeKalb,GLENWOOD ROAD,Secretary Of State,,DEM,JOHN BARROW,313,3,21,205,0,0,84
DeKalb,GRESHAM ROAD,Secretary Of State,,DEM,JOHN BARROW,763,1,19,595,0,0,148
DeKalb,HAMBRICK ELEM,Secretary Of State,,DEM,JOHN BARROW,547,5,26,363,0,0,153
DeKalb,HARRIS-MARGARET HARRIS ED,Secretary Of State,,DEM,JOHN BARROW,324,0,5,289,0,0,30
DeKalb,HARRIS-NARVIE J. HARRIS ELEM,Secretary Of State,,DEM,JOHN BARROW,792,1,27,544,0,0,220
DeKalb,HAWTHORNE ELEM,Secretary Of State,,DEM,JOHN BARROW,724,3,23,600,0,0,98
DeKalb,HENDERSON MILL,Secretary Of State,,DEM,JOHN BARROW,593,0,18,485,0,0,90
DeKalb,HUGH HOWELL,Secretary Of State,,DEM,JOHN BARROW,405,0,6,327,0,0,72
DeKalb,HUNTLEY HILLS ELEM,Secretary Of State,,DEM,JOHN BARROW,537,8,15,386,0,0,128
DeKalb,IDLEWOOD ELEM,Secretary Of State,,DEM,JOHN BARROW,346,0,9,263,0,0,74
DeKalb,INDIAN CREEK,Secretary Of State,,DEM,JOHN BARROW,278,1,13,176,0,0,88
DeKalb,JOHNSON ESTATES,Secretary Of State,,DEM,JOHN BARROW,475,0,27,382,0,0,66
DeKalb,JOLLY ELEM,Secretary Of State,,DEM,JOHN BARROW,517,0,18,378,0,0,121
DeKalb,KELLEY CHAPEL ROAD,Secretary Of State,,DEM,JOHN BARROW,390,0,18,262,0,0,110
DeKalb,KELLEY LAKE ELEM,Secretary Of State,,DEM,JOHN BARROW,538,4,16,337,0,0,181
DeKalb,KING-ML KING JR HIGH,Secretary Of State,,DEM,JOHN BARROW,1268,1,53,744,0,0,470
DeKalb,KINGSLEY ELEM,Secretary Of State,,DEM,JOHN BARROW,383,1,23,202,0,0,157
DeKalb,KNOLLWOOD,Secretary Of State,,DEM,JOHN BARROW,519,1,25,391,0,0,102
DeKalb,KITTREDGE ELEM,Secretary Of State,,DEM,JOHN BARROW,422,2,12,265,0,0,143
DeKalb,LAKESIDE HIGH,Secretary Of State,,DEM,JOHN BARROW,819,3,33,677,0,0,106
DeKalb,LAVISTA,Secretary Of State,,DEM,JOHN BARROW,568,4,17,474,0,0,73
DeKalb,LAVISTA ROAD,Secretary Of State,,DEM,JOHN BARROW,609,0,20,516,0,0,73
DeKalb,LIN-MARY LIN ELEM,Secretary Of State,,DEM,JOHN BARROW,1018,1,34,828,0,0,155
DeKalb,LITHONIA,Secretary Of State,,DEM,JOHN BARROW,210,2,21,172,0,0,15
DeKalb,LITHONIA HIGH,Secretary Of State,,DEM,JOHN BARROW,489,3,21,404,0,0,61
DeKalb,LIVSEY ELEM,Secretary Of State,,DEM,JOHN BARROW,317,2,13,267,0,0,35
DeKalb,MARBUT ELEM,Secretary Of State,,DEM,JOHN BARROW,589,6,16,424,0,0,143
DeKalb,MATHIS-BOB MATHIS ELEM,Secretary Of State,,DEM,JOHN BARROW,793,0,26,524,0,0,243
DeKalb,MCLENDON,Secretary Of State,,DEM,JOHN BARROW,827,1,11,647,0,0,168
DeKalb,MCNAIR ACADEMY,Secretary Of State,,DEM,JOHN BARROW,501,2,21,360,0,0,118
DeKalb,MCNAIR HIGH,Secretary Of State,,DEM,JOHN BARROW,959,0,23,738,0,0,198
DeKalb,MCNAIR,Secretary Of State,,DEM,JOHN BARROW,517,6,20,345,0,0,146
DeKalb,MCWILLIAMS,Secretary Of State,,DEM,JOHN BARROW,597,0,14,462,0,0,121
DeKalb,MEADOWVIEW,Secretary Of State,,DEM,JOHN BARROW,672,4,26,445,0,0,197
DeKalb,MEDLOCK,Secretary Of State,,DEM,JOHN BARROW,774,1,21,625,0,0,127
DeKalb,MEMORIAL SOUTH,Secretary Of State,,DEM,JOHN BARROW,317,1,11,228,0,0,77
DeKalb,METROPOLITAN,Secretary Of State,,DEM,JOHN BARROW,969,1,29,836,0,0,103
DeKalb,MIDVALE ELEM,Secretary Of State,,DEM,JOHN BARROW,553,0,17,463,0,0,73
DeKalb,MIDVALE ROAD,Secretary Of State,,DEM,JOHN BARROW,349,1,6,283,0,0,59
DeKalb,MIDWAY,Secretary Of State,,DEM,JOHN BARROW,449,2,23,281,0,0,143
DeKalb,MILLER-ELDRIDGE L. MILLER ELEM,Secretary Of State,,DEM,JOHN BARROW,613,3,18,405,0,0,187
DeKalb,MILLER GROVE HIGH,Secretary Of State,,DEM,JOHN BARROW,387,2,20,290,0,0,75
DeKalb,MILLER GROVE,Secretary Of State,,DEM,JOHN BARROW,528,5,28,339,0,0,156
DeKalb,MILLER GROVE ROAD,Secretary Of State,,DEM,JOHN BARROW,608,0,15,510,0,0,83
DeKalb,MONTCLAIR ELEM,Secretary Of State,,DEM,JOHN BARROW,258,1,4,220,0,0,33
DeKalb,MONTGOMERY ELEM,Secretary Of State,,DEM,JOHN BARROW,426,1,18,273,0,0,134
DeKalb,MONTREAL,Secretary Of State,,DEM,JOHN BARROW,446,2,17,361,0,0,66
DeKalb,MT. VERNON EAST,Secretary Of State,,DEM,JOHN BARROW,365,2,9,192,0,0,162
DeKalb,MT. VERNON WEST,Secretary Of State,,DEM,JOHN BARROW,398,3,8,206,0,0,181
DeKalb,NORTH DECATUR,Secretary Of State,,DEM,JOHN BARROW,403,1,19,300,0,0,83
DeKalb,NORTH HAIRSTON,Secretary Of State,,DEM,JOHN BARROW,420,4,12,305,0,0,99
DeKalb,NORTH PEACHTREE,Secretary Of State,,DEM,JOHN BARROW,299,1,9,202,0,0,87
DeKalb,NORTHLAKE,Secretary Of State,,DEM,JOHN BARROW,400,1,7,339,0,0,53
DeKalb,OAK GROVE ELEM,Secretary Of State,,DEM,JOHN BARROW,547,1,20,469,0,0,57
DeKalb,OAK VIEW ELEM,Secretary Of State,,DEM,JOHN BARROW,944,6,24,680,0,0,234
DeKalb,OAKCLIFF ELEM,Secretary Of State,,DEM,JOHN BARROW,215,0,14,173,0,0,28
DeKalb,OAKHURST,Secretary Of State,,DEM,JOHN BARROW,1049,1,29,887,0,0,132
DeKalb,PANOLA,Secretary Of State,,DEM,JOHN BARROW,365,1,9,269,0,0,86
DeKalb,PANOLA ROAD,Secretary Of State,,DEM,JOHN BARROW,463,3,29,323,0,0,108
DeKalb,PANOLA WAY ELEM,Secretary Of State,,DEM,JOHN BARROW,273,2,7,201,0,0,63
DeKalb,PEACHCREST,Secretary Of State,,DEM,JOHN BARROW,372,1,10,269,0,0,92
DeKalb,PEACHTREE MIDDLE,Secretary Of State,,DEM,JOHN BARROW,488,8,22,290,0,0,168
DeKalb,PINE LAKE,Secretary Of State,,DEM,JOHN BARROW,233,0,2,212,0,0,19
DeKalb,PINEY GROVE,Secretary Of State,,DEM,JOHN BARROW,267,1,7,220,0,0,39
DeKalb,PLEASANTDALE ROAD,Secretary Of State,,DEM,JOHN BARROW,483,3,9,403,0,0,68
DeKalb,PONCE DE LEON,Secretary Of State,,DEM,JOHN BARROW,866,4,26,689,0,0,147
DeKalb,PRINCETON ELEM,Secretary Of State,,DEM,JOHN BARROW,446,1,4,368,0,0,73
DeKalb,RAINBOW ELEM,Secretary Of State,,DEM,JOHN BARROW,908,0,42,568,0,0,298
DeKalb,REDAN ELEM,Secretary Of State,,DEM,JOHN BARROW,634,4,6,502,0,0,122
DeKalb,REDAN MIDDLE,Secretary Of State,,DEM,JOHN BARROW,493,4,12,354,0,0,123
DeKalb,REDAN ROAD,Secretary Of State,,DEM,JOHN BARROW,509,1,18,391,0,0,99
DeKalb,REDAN-TROTTI LIBRARY,Secretary Of State,,DEM,JOHN BARROW,727,1,19,581,0,0,126
DeKalb,REHOBOTH,Secretary Of State,,DEM,JOHN BARROW,467,2,12,379,0,0,74
DeKalb,RENFROE MIDDLE,Secretary Of State,,DEM,JOHN BARROW,642,1,11,500,0,0,130
DeKalb,ROCK CHAPEL ELEM,Secretary Of State,,DEM,JOHN BARROW,488,3,9,394,0,0,82
DeKalb,ROCK CHAPEL ROAD,Secretary Of State,,DEM,JOHN BARROW,784,5,22,669,0,0,88
DeKalb,ROCKBRIDGE ELEM,Secretary Of State,,DEM,JOHN BARROW,417,8,12,287,0,0,110
DeKalb,ROCKBRIDGE ROAD,Secretary Of State,,DEM,JOHN BARROW,1009,4,21,766,0,0,218
DeKalb,ROWLAND ELEM,Secretary Of State,,DEM,JOHN BARROW,498,4,22,312,0,0,160
DeKalb,ROWLAND ROAD,Secretary Of State,,DEM,JOHN BARROW,429,0,6,334,0,0,89
DeKalb,SAGAMORE HILLS ELEM,Secretary Of State,,DEM,JOHN BARROW,823,2,15,722,0,0,84
DeKalb,SALEM MIDDLE,Secretary Of State,,DEM,JOHN BARROW,939,4,17,721,0,0,197
DeKalb,SCOTT,Secretary Of State,,DEM,JOHN BARROW,777,1,20,625,0,0,131
DeKalb,SHADOW ROCK ELEM,Secretary Of State,,DEM,JOHN BARROW,1039,3,30,667,0,0,339
DeKalb,SHAMROCK,Secretary Of State,,DEM,JOHN BARROW,527,2,14,420,0,0,91
DeKalb,SHAW-ROBERT SHAW ELEM,Secretary Of State,,DEM,JOHN BARROW,502,1,24,333,0,0,144
DeKalb,SILVER LAKE,Secretary Of State,,DEM,JOHN BARROW,577,2,33,451,0,0,91
DeKalb,SKYLAND,Secretary Of State,,DEM,JOHN BARROW,292,1,9,251,0,0,31
DeKalb,SMOKE RISE,Secretary Of State,,DEM,JOHN BARROW,455,0,13,345,0,0,97
DeKalb,SNAPFINGER ELEM,Secretary Of State,,DEM,JOHN BARROW,551,0,28,326,0,0,197
DeKalb,SNAPFINGER ROAD NORTH,Secretary Of State,,DEM,JOHN BARROW,453,3,11,335,0,0,104
DeKalb,SNAPFINGER ROAD SOUTH,Secretary Of State,,DEM,JOHN BARROW,561,2,7,427,0,0,125
DeKalb,SOUTH DESHON,Secretary Of State,,DEM,JOHN BARROW,661,0,25,502,0,0,134
DeKalb,SOUTH HAIRSTON,Secretary Of State,,DEM,JOHN BARROW,709,2,16,530,0,0,161
DeKalb,STEPHENSON HIGH,Secretary Of State,,DEM,JOHN BARROW,711,2,20,517,0,0,172
DeKalb,STEPHENSON MIDDLE,Secretary Of State,,DEM,JOHN BARROW,791,6,11,595,0,0,179
DeKalb,STONE MILL ELEM,Secretary Of State,,DEM,JOHN BARROW,261,1,17,170,0,0,73
DeKalb,STONE MOUNTAIN CHAMPION,Secretary Of State,,DEM,JOHN BARROW,271,2,7,179,0,0,83
DeKalb,STONE MOUNTAIN ELEM,Secretary Of State,,DEM,JOHN BARROW,416,2,78,230,0,0,106
DeKalb,STONE MOUNTAIN,Secretary Of State,,DEM,JOHN BARROW,370,0,17,309,0,0,44
DeKalb,STONE MOUNTAIN MIDDLE,Secretary Of State,,DEM,JOHN BARROW,155,3,3,114,0,0,35
DeKalb,STONECREST LIBRARY (STC),Secretary Of State,,DEM,JOHN BARROW,590,2,13,475,0,0,100
DeKalb,STONEVIEW ELEM,Secretary Of State,,DEM,JOHN BARROW,189,2,12,150,0,0,25
DeKalb,TERRY MILL ELEM,Secretary Of State,,DEM,JOHN BARROW,598,3,24,424,0,0,147
DeKalb,TILLY MILL ROAD,Secretary Of State,,DEM,JOHN BARROW,292,0,9,194,0,0,89
DeKalb,TONEY ELEM,Secretary Of State,,DEM,JOHN BARROW,363,0,14,232,0,0,117
DeKalb,TUCKER,Secretary Of State,,DEM,JOHN BARROW,703,0,12,592,0,0,99
DeKalb,TUCKER LIBRARY,Secretary Of State,,DEM,JOHN BARROW,513,0,15,409,0,0,89
DeKalb,VALLEY BROOK,Secretary Of State,,DEM,JOHN BARROW,281,1,5,244,0,0,31
DeKalb,WADSWORTH - 05,Secretary Of State,,DEM,JOHN BARROW,192,9,9,123,0,0,51
DeKalb,WADSWORTH - 04,Secretary Of State,,DEM,JOHN BARROW,403,2,21,279,0,0,101
DeKalb,WARREN TECH,Secretary Of State,,DEM,JOHN BARROW,263,1,12,233,0,0,17
DeKalb,WESLEY CHAPEL LIBRARY,Secretary Of State,,DEM,JOHN BARROW,901,2,18,577,0,0,304
DeKalb,WHITE OAK,Secretary Of State,,DEM,JOHN BARROW,425,3,13,317,0,0,92
DeKalb,WINNONA PARK,Secretary Of State,,DEM,JOHN BARROW,833,0,5,672,0,0,156
DeKalb,WINTERS CHAPEL,Secretary Of State,,DEM,JOHN BARROW,278,1,13,184,0,0,80
DeKalb,WOODRIDGE ELEM,Secretary Of State,,DEM,JOHN BARROW,667,3,28,429,0,0,207
DeKalb,WOODROW ROAD,Secretary Of State,,DEM,JOHN BARROW,562,3,18,444,0,0,97
DeKalb,WOODWARD,Secretary Of State,,DEM,JOHN BARROW,449,2,12,389,0,0,46
DeKalb,WYNBROOKE ELEM,Secretary Of State,,DEM,JOHN BARROW,894,3,23,686,0,0,182
DeKalb,YOUNG ROAD,Secretary Of State,,DEM,JOHN BARROW,501,3,11,350,0,0,137
DeKalb,ALLGOOD ELEM,"Public Service Commission, District 3",3,(REP,CHUCK EATON,63,0,5,44,0,0,14
DeKalb,ASHFORD DUNWOODY RD,"Public Service Commission, District 3",3,(REP,CHUCK EATON,344,0,13,295,0,0,36
DeKalb,ASHFORD PARK ELEM,"Public Service Commission, District 3",3,(REP,CHUCK EATON,216,0,11,191,0,0,14
DeKalb,ASHFORD PARKSIDE,"Public Service Commission, District 3",3,(REP,CHUCK EATON,321,0,21,242,0,0,58
DeKalb,AUSTIN,"Public Service Commission, District 3",3,(REP,CHUCK EATON,459,0,12,281,0,0,166
DeKalb,AUSTIN DRIVE,"Public Service Commission, District 3",3,(REP,CHUCK EATON,15,0,0,9,0,0,6
DeKalb,AVONDALE,"Public Service Commission, District 3",3,(REP,CHUCK EATON,258,0,8,196,0,0,54
DeKalb,AVONDALE HIGH - 04,"Public Service Commission, District 3",3,(REP,CHUCK EATON,53,0,4,30,0,0,19
DeKalb,AVONDALE HIGH - 05,"Public Service Commission, District 3",3,(REP,CHUCK EATON,25,0,2,18,0,0,5
DeKalb,BETHUNE MIDDLE,"Public Service Commission, District 3",3,(REP,CHUCK EATON,17,0,3,9,0,0,5
DeKalb,BOULDERCREST RD,"Public Service Commission, District 3",3,(REP,CHUCK EATON,24,0,2,20,0,0,2
DeKalb,BOULEVARD,"Public Service Commission, District 3",3,(REP,CHUCK EATON,65,0,1,59,0,0,5
DeKalb,BRIAR VISTA ELEM,"Public Service Commission, District 3",3,(REP,CHUCK EATON,103,0,9,83,0,0,11
DeKalb,BRIARCLIFF,"Public Service Commission, District 3",3,(REP,CHUCK EATON,222,0,30,180,0,0,12
DeKalb,BRIARLAKE ELEM,"Public Service Commission, District 3",3,(REP,CHUCK EATON,239,0,8,208,0,0,23
DeKalb,BRIARWOOD,"Public Service Commission, District 3",3,(REP,CHUCK EATON,127,0,2,120,0,0,5
DeKalb,BROCKETT,"Public Service Commission, District 3",3,(REP,CHUCK EATON,257,0,19,218,0,0,20
DeKalb,BROCKETT ELEM,"Public Service Commission, District 3",3,(REP,CHUCK EATON,204,0,15,163,0,0,26
DeKalb,BROOKHAVEN,"Public Service Commission, District 3",3,(REP,CHUCK EATON,223,1,3,206,0,0,13
DeKalb,BROWNS MILL ELEM,"Public Service Commission, District 3",3,(REP,CHUCK EATON,25,0,4,19,0,0,2
DeKalb,BURGESS ELEM,"Public Service Commission, District 3",3,(REP,CHUCK EATON,32,0,0,32,0,0,0
DeKalb,CANBY LANE ELEM,"Public Service Commission, District 3",3,(REP,CHUCK EATON,13,0,1,8,0,0,4
DeKalb,CANDLER,"Public Service Commission, District 3",3,(REP,CHUCK EATON,17,0,1,13,0,0,3
DeKalb,CANDLER-MURPHEY CANDLER ELEM,"Public Service Commission, District 3",3,(REP,CHUCK EATON,71,2,6,55,0,0,8
DeKalb,CEDAR GROVE ELEM,"Public Service Commission, District 3",3,(REP,CHUCK EATON,25,0,7,13,0,0,5
DeKalb,CEDAR GROVE MIDDLE,"Public Service Commission, District 3",3,(REP,CHUCK EATON,10,0,2,6,0,0,2
DeKalb,CEDAR GROVE SOUTH,"Public Service Commission, District 3",3,(REP,CHUCK EATON,21,0,3,14,0,0,4
DeKalb,CHAMBLEE,"Public Service Commission, District 3",3,(REP,CHUCK EATON,114,0,1,100,0,0,13
DeKalb,CHAMBLEE 2,"Public Service Commission, District 3",3,(REP,CHUCK EATON,226,0,8,190,0,0,28
DeKalb,CHAPEL HILL ELEM,"Public Service Commission, District 3",3,(REP,CHUCK EATON,11,0,1,10,0,0,0
DeKalb,CHESNUT ELEM,"Public Service Commission, District 3",3,(REP,CHUCK EATON,155,0,4,117,0,0,34
DeKalb,CLAIREMONT EAST,"Public Service Commission, District 3",3,(REP,CHUCK EATON,161,0,8,124,0,0,29
DeKalb,CLAIREMONT WEST,"Public Service Commission, District 3",3,(REP,CHUCK EATON,158,0,21,126,0,0,11
DeKalb,CLAIRMONT ROAD,"Public Service Commission, District 3",3,(REP,CHUCK EATON,176,0,34,132,0,0,10
DeKalb,CLARKSTON,"Public Service Commission, District 3",3,(REP,CHUCK EATON,54,1,6,40,0,0,7
DeKalb,CLIFTON,"Public Service Commission, District 3",3,(REP,CHUCK EATON,11,0,2,8,0,0,1
DeKalb,COLUMBIA DRIVE,"Public Service Commission, District 3",3,(REP,CHUCK EATON,12,0,1,8,0,0,3
DeKalb,COLUMBIA ELEM,"Public Service Commission, District 3",3,(REP,CHUCK EATON,8,1,0,5,0,0,2
DeKalb,COLUMBIA MIDDLE,"Public Service Commission, District 3",3,(REP,CHUCK EATON,4,0,0,1,0,0,3
DeKalb,COAN RECREATION CENTER,"Public Service Commission, District 3",3,(REP,CHUCK EATON,60,0,4,48,0,0,8
DeKalb,CORALWOOD,"Public Service Commission, District 3",3,(REP,CHUCK EATON,304,1,13,254,0,0,36
DeKalb,COVINGTON,"Public Service Commission, District 3",3,(REP,CHUCK EATON,25,0,0,21,0,0,4
DeKalb,COVINGTON HIGHWAY,"Public Service Commission, District 3",3,(REP,CHUCK EATON,1,0,0,0,0,0,1
DeKalb,CROSS KEYS HIGH,"Public Service Commission, District 3",3,(REP,CHUCK EATON,104,0,1,95,0,0,8
DeKalb,CROSSROADS,"Public Service Commission, District 3",3,(REP,CHUCK EATON,22,0,0,16,0,0,6
DeKalb,DORAVILLE NORTH,"Public Service Commission, District 3",3,(REP,CHUCK EATON,127,1,11,102,0,0,13
DeKalb,DORAVILLE SOUTH,"Public Service Commission, District 3",3,(REP,CHUCK EATON,75,0,6,59,0,0,10
DeKalb,DRESDEN ELEM,"Public Service Commission, District 3",3,(REP,CHUCK EATON,226,0,16,172,0,0,38
DeKalb,DRUID HILLS HIGH,"Public Service Commission, District 3",3,(REP,CHUCK EATON,100,0,8,83,0,0,9
DeKalb,DUNAIRE ELEM,"Public Service Commission, District 3",3,(REP,CHUCK EATON,44,0,2,31,0,0,11
DeKalb,DUNWOODY,"Public Service Commission, District 3",3,(REP,CHUCK EATON,223,1,8,132,0,0,82
DeKalb,DUNWOODY 2,"Public Service Commission, District 3",3,(REP,CHUCK EATON,309,1,10,156,0,0,142
DeKalb,DUNWOODY LIBRARY,"Public Service Commission, District 3",3,(REP,CHUCK EATON,442,3,11,252,0,0,176
DeKalb,EAST LAKE,"Public Service Commission, District 3",3,(REP,CHUCK EATON,65,1,1,48,0,0,15
DeKalb,EMBRY HILLS,"Public Service Commission, District 3",3,(REP,CHUCK EATON,187,1,15,153,0,0,18
DeKalb,EMORY ROAD,"Public Service Commission, District 3",3,(REP,CHUCK EATON,29,0,7,15,0,0,7
DeKalb,EMORY SOUTH,"Public Service Commission, District 3",3,(REP,CHUCK EATON,140,0,7,127,0,0,6
DeKalb,EPWORTH,"Public Service Commission, District 3",3,(REP,CHUCK EATON,85,0,6,68,0,0,11
DeKalb,EVANSDALE ELEM,"Public Service Commission, District 3",3,(REP,CHUCK EATON,326,0,14,280,0,0,32
DeKalb,FAIRINGTON ELEM,"Public Service Commission, District 3",3,(REP,CHUCK EATON,13,0,1,10,0,0,2
DeKalb,FERNBANK ELEM,"Public Service Commission, District 3",3,(REP,CHUCK EATON,136,0,4,122,0,0,10
DeKalb,FLAKES MILL FIRE STATION,"Public Service Commission, District 3",3,(REP,CHUCK EATON,13,1,0,11,0,0,1
DeKalb,FLAT ROCK ELEM,"Public Service Commission, District 3",3,(REP,CHUCK EATON,10,0,1,5,0,0,4
DeKalb,FLAT SHOALS,"Public Service Commission, District 3",3,(REP,CHUCK EATON,8,0,0,6,0,0,2
DeKalb,FLAT SHOALS ELEM,"Public Service Commission, District 3",3,(REP,CHUCK EATON,9,0,1,4,0,0,4
DeKalb,FLAT SHOALS LIBRARY,"Public Service Commission, District 3",3,(REP,CHUCK EATON,5,0,0,3,0,0,2
DeKalb,FLAT SHOALS PARKWAY,"Public Service Commission, District 3",3,(REP,CHUCK EATON,25,0,2,16,0,0,7
DeKalb,FREEDOM MIDDLE,"Public Service Commission, District 3",3,(REP,CHUCK EATON,60,0,6,44,0,0,10
DeKalb,GEORGETOWN SQUARE,"Public Service Commission, District 3",3,(REP,CHUCK EATON,264,1,4,169,0,0,90
DeKalb,GLENHAVEN,"Public Service Commission, District 3",3,(REP,CHUCK EATON,31,0,2,21,0,0,8
DeKalb,GLENNWOOD - 04,"Public Service Commission, District 3",3,(REP,CHUCK EATON,29,1,1,23,0,0,4
DeKalb,GLENNWOOD - 05,"Public Service Commission, District 3",3,(REP,CHUCK EATON,33,0,3,24,0,0,6
DeKalb,GLENWOOD ROAD,"Public Service Commission, District 3",3,(REP,CHUCK EATON,20,0,1,11,0,0,8
DeKalb,GRESHAM ROAD,"Public Service Commission, District 3",3,(REP,CHUCK EATON,28,0,0,24,0,0,4
DeKalb,HAMBRICK ELEM,"Public Service Commission, District 3",3,(REP,CHUCK EATON,65,0,5,44,0,0,16
DeKalb,HARRIS-MARGARET HARRIS ED,"Public Service Commission, District 3",3,(REP,CHUCK EATON,60,0,5,50,0,0,5
DeKalb,HARRIS-NARVIE J. HARRIS ELEM,"Public Service Commission, District 3",3,(REP,CHUCK EATON,13,0,1,9,0,0,3
DeKalb,HAWTHORNE ELEM,"Public Service Commission, District 3",3,(REP,CHUCK EATON,248,0,20,210,0,0,18
DeKalb,HENDERSON MILL,"Public Service Commission, District 3",3,(REP,CHUCK EATON,312,1,24,248,0,0,39
DeKalb,HUGH HOWELL,"Public Service Commission, District 3",3,(REP,CHUCK EATON,289,0,14,258,0,0,17
DeKalb,HUNTLEY HILLS ELEM,"Public Service Commission, District 3",3,(REP,CHUCK EATON,182,0,15,130,0,0,37
DeKalb,IDLEWOOD ELEM,"Public Service Commission, District 3",3,(REP,CHUCK EATON,107,0,5,94,0,0,8
DeKalb,INDIAN CREEK,"Public Service Commission, District 3",3,(REP,CHUCK EATON,45,0,6,28,0,0,11
DeKalb,JOHNSON ESTATES,"Public Service Commission, District 3",3,(REP,CHUCK EATON,79,0,1,71,0,0,7
DeKalb,JOLLY ELEM,"Public Service Commission, District 3",3,(REP,CHUCK EATON,97,0,12,61,0,0,24
DeKalb,KELLEY CHAPEL ROAD,"Public Service Commission, District 3",3,(REP,CHUCK EATON,11,0,1,7,0,0,3
DeKalb,KELLEY LAKE ELEM,"Public Service Commission, District 3",3,(REP,CHUCK EATON,11,1,0,6,0,0,4
DeKalb,KING-ML KING JR HIGH,"Public Service Commission, District 3",3,(REP,CHUCK EATON,22,0,3,13,0,0,6
DeKalb,KINGSLEY ELEM,"Public Service Commission, District 3",3,(REP,CHUCK EATON,511,1,29,343,0,0,138
DeKalb,KNOLLWOOD,"Public Service Commission, District 3",3,(REP,CHUCK EATON,21,0,0,15,0,0,6
DeKalb,KITTREDGE ELEM,"Public Service Commission, District 3",3,(REP,CHUCK EATON,272,1,20,183,0,0,68
DeKalb,LAKESIDE HIGH,"Public Service Commission, District 3",3,(REP,CHUCK EATON,389,0,43,298,0,0,48
DeKalb,LAVISTA,"Public Service Commission, District 3",3,(REP,CHUCK EATON,134,0,14,107,0,0,13
DeKalb,LAVISTA ROAD,"Public Service Commission, District 3",3,(REP,CHUCK EATON,156,0,12,136,0,0,8
DeKalb,LIN-MARY LIN ELEM,"Public Service Commission, District 3",3,(REP,CHUCK EATON,116,0,9,97,0,0,10
DeKalb,LITHONIA,"Public Service Commission, District 3",3,(REP,CHUCK EATON,23,0,2,21,0,0,0
DeKalb,LITHONIA HIGH,"Public Service Commission, District 3",3,(REP,CHUCK EATON,13,0,0,12,0,0,1
DeKalb,LIVSEY ELEM,"Public Service Commission, District 3",3,(REP,CHUCK EATON,175,0,11,152,0,0,12
DeKalb,MARBUT ELEM,"Public Service Commission, District 3",3,(REP,CHUCK EATON,6,0,0,6,0,0,0
DeKalb,MATHIS-BOB MATHIS ELEM,"Public Service Commission, District 3",3,(REP,CHUCK EATON,26,0,1,14,0,0,11
DeKalb,MCLENDON,"Public Service Commission, District 3",3,(REP,CHUCK EATON,121,1,4,97,0,0,19
DeKalb,MCNAIR ACADEMY,"Public Service Commission, District 3",3,(REP,CHUCK EATON,12,0,0,11,0,0,1
DeKalb,MCNAIR HIGH,"Public Service Commission, District 3",3,(REP,CHUCK EATON,30,0,2,20,0,0,8
DeKalb,MCNAIR,"Public Service Commission, District 3",3,(REP,CHUCK EATON,18,0,4,11,0,0,3
DeKalb,MCWILLIAMS,"Public Service Commission, District 3",3,(REP,CHUCK EATON,14,0,0,10,0,0,4
DeKalb,MEADOWVIEW,"Public Service Commission, District 3",3,(REP,CHUCK EATON,18,0,4,12,0,0,2
DeKalb,MEDLOCK,"Public Service Commission, District 3",3,(REP,CHUCK EATON,138,1,13,116,0,0,8
DeKalb,MEMORIAL SOUTH,"Public Service Commission, District 3",3,(REP,CHUCK EATON,23,0,0,19,0,0,4
DeKalb,METROPOLITAN,"Public Service Commission, District 3",3,(REP,CHUCK EATON,53,0,2,42,0,0,9
DeKalb,MIDVALE ELEM,"Public Service Commission, District 3",3,(REP,CHUCK EATON,469,0,29,392,0,0,48
DeKalb,MIDVALE ROAD,"Public Service Commission, District 3",3,(REP,CHUCK EATON,80,0,6,67,0,0,7
DeKalb,MIDWAY,"Public Service Commission, District 3",3,(REP,CHUCK EATON,19,0,2,6,0,0,11
DeKalb,MILLER-ELDRIDGE L. MILLER ELEM,"Public Service Commission, District 3",3,(REP,CHUCK EATON,33,0,1,23,0,0,9
DeKalb,MILLER GROVE HIGH,"Public Service Commission, District 3",3,(REP,CHUCK EATON,14,0,0,10,0,0,4
DeKalb,MILLER GROVE,"Public Service Commission, District 3",3,(REP,CHUCK EATON,3,0,0,3,0,0,0
DeKalb,MILLER GROVE ROAD,"Public Service Commission, District 3",3,(REP,CHUCK EATON,17,0,0,14,0,0,3
DeKalb,MONTCLAIR ELEM,"Public Service Commission, District 3",3,(REP,CHUCK EATON,34,0,1,29,0,0,4
DeKalb,MONTGOMERY ELEM,"Public Service Commission, District 3",3,(REP,CHUCK EATON,291,1,27,211,0,0,52
DeKalb,MONTREAL,"Public Service Commission, District 3",3,(REP,CHUCK EATON,129,0,6,107,0,0,16
DeKalb,MT. VERNON EAST,"Public Service Commission, District 3",3,(REP,CHUCK EATON,444,0,8,286,0,0,150
DeKalb,MT. VERNON WEST,"Public Service Commission, District 3",3,(REP,CHUCK EATON,275,2,15,132,0,0,126
DeKalb,NORTH DECATUR,"Public Service Commission, District 3",3,(REP,CHUCK EATON,47,0,4,37,0,0,6
DeKalb,NORTH HAIRSTON,"Public Service Commission, District 3",3,(REP,CHUCK EATON,45,0,6,32,0,0,7
DeKalb,NORTH PEACHTREE,"Public Service Commission, District 3",3,(REP,CHUCK EATON,138,1,4,98,0,0,35
DeKalb,NORTHLAKE,"Public Service Commission, District 3",3,(REP,CHUCK EATON,152,0,2,141,0,0,9
DeKalb,OAK GROVE ELEM,"Public Service Commission, District 3",3,(REP,CHUCK EATON,223,0,19,179,0,0,25
DeKalb,OAK VIEW ELEM,"Public Service Commission, District 3",3,(REP,CHUCK EATON,11,0,3,3,0,0,5
DeKalb,OAKCLIFF ELEM,"Public Service Commission, District 3",3,(REP,CHUCK EATON,70,0,6,53,0,0,11
DeKalb,OAKHURST,"Public Service Commission, District 3",3,(REP,CHUCK EATON,51,0,2,40,0,0,9
DeKalb,PANOLA,"Public Service Commission, District 3",3,(REP,CHUCK EATON,20,0,0,12,0,0,8
DeKalb,PANOLA ROAD,"Public Service Commission, District 3",3,(REP,CHUCK EATON,5,0,0,1,0,0,4
DeKalb,PANOLA WAY ELEM,"Public Service Commission, District 3",3,(REP,CHUCK EATON,7,0,0,7,0,0,0
DeKalb,PEACHCREST,"Public Service Commission, District 3",3,(REP,CHUCK EATON,31,0,3,20,0,0,8
DeKalb,PEACHTREE MIDDLE,"Public Service Commission, District 3",3,(REP,CHUCK EATON,193,5,12,94,0,0,82
DeKalb,PINE LAKE,"Public Service Commission, District 3",3,(REP,CHUCK EATON,13,0,0,13,0,0,0
DeKalb,PINEY GROVE,"Public Service Commission, District 3",3,(REP,CHUCK EATON,5,0,1,4,0,0,0
DeKalb,PLEASANTDALE ROAD,"Public Service Commission, District 3",3,(REP,CHUCK EATON,109,0,10,86,0,0,13
DeKalb,PONCE DE LEON,"Public Service Commission, District 3",3,(REP,CHUCK EATON,70,0,2,60,0,0,8
DeKalb,PRINCETON ELEM,"Public Service Commission, District 3",3,(REP,CHUCK EATON,27,0,1,19,0,0,7
DeKalb,RAINBOW ELEM,"Public Service Commission, District 3",3,(REP,CHUCK EATON,30,0,5,18,0,0,7
DeKalb,REDAN ELEM,"Public Service Commission, District 3",3,(REP,CHUCK EATON,13,0,1,10,0,0,2
DeKalb,REDAN MIDDLE,"Public Service Commission, District 3",3,(REP,CHUCK EATON,24,0,2,18,0,0,4
DeKalb,REDAN ROAD,"Public Service Commission, District 3",3,(REP,CHUCK EATON,14,0,1,11,0,0,2
DeKalb,REDAN-TROTTI LIBRARY,"Public Service Commission, District 3",3,(REP,CHUCK EATON,10,0,2,7,0,0,1
DeKalb,REHOBOTH,"Public Service Commission, District 3",3,(REP,CHUCK EATON,152,0,8,120,0,0,24
DeKalb,RENFROE MIDDLE,"Public Service Commission, District 3",3,(REP,CHUCK EATON,33,1,0,30,0,0,2
DeKalb,ROCK CHAPEL ELEM,"Public Service Commission, District 3",3,(REP,CHUCK EATON,23,0,3,17,0,0,3
DeKalb,ROCK CHAPEL ROAD,"Public Service Commission, District 3",3,(REP,CHUCK EATON,67,0,9,51,0,0,7
DeKalb,ROCKBRIDGE ELEM,"Public Service Commission, District 3",3,(REP,CHUCK EATON,44,0,4,25,0,0,15
DeKalb,ROCKBRIDGE ROAD,"Public Service Commission, District 3",3,(REP,CHUCK EATON,33,0,0,27,0,0,6
DeKalb,ROWLAND ELEM,"Public Service Commission, District 3",3,(REP,CHUCK EATON,39,1,2,29,0,0,7
DeKalb,ROWLAND ROAD,"Public Service Commission, District 3",3,(REP,CHUCK EATON,34,0,3,23,0,0,8
DeKalb,SAGAMORE HILLS ELEM,"Public Service Commission, District 3",3,(REP,CHUCK EATON,302,1,13,262,0,0,26
DeKalb,SALEM MIDDLE,"Public Service Commission, District 3",3,(REP,CHUCK EATON,17,0,0,13,0,0,4
DeKalb,SCOTT,"Public Service Commission, District 3",3,(REP,CHUCK EATON,97,0,5,86,0,0,6
DeKalb,SHADOW ROCK ELEM,"Public Service Commission, District 3",3,(REP,CHUCK EATON,45,0,8,28,0,0,9
DeKalb,SHAMROCK,"Public Service Commission, District 3",3,(REP,CHUCK EATON,142,1,13,117,0,0,11
DeKalb,SHAW-ROBERT SHAW ELEM,"Public Service Commission, District 3",3,(REP,CHUCK EATON,46,0,2,33,0,0,11
DeKalb,SILVER LAKE,"Public Service Commission, District 3",3,(REP,CHUCK EATON,410,2,20,332,0,0,56
DeKalb,SKYLAND,"Public Service Commission, District 3",3,(REP,CHUCK EATON,169,1,7,148,0,0,13
DeKalb,SMOKE RISE,"Public Service Commission, District 3",3,(REP,CHUCK EATON,349,0,18,295,0,0,36
DeKalb,SNAPFINGER ELEM,"Public Service Commission, District 3",3,(REP,CHUCK EATON,9,0,2,4,0,0,3
DeKalb,SNAPFINGER ROAD NORTH,"Public Service Commission, District 3",3,(REP,CHUCK EATON,19,0,3,12,0,0,4
DeKalb,SNAPFINGER ROAD SOUTH,"Public Service Commission, District 3",3,(REP,CHUCK EATON,19,0,1,14,0,0,4
DeKalb,SOUTH DESHON,"Public Service Commission, District 3",3,(REP,CHUCK EATON,20,0,0,17,0,0,3
DeKalb,SOUTH HAIRSTON,"Public Service Commission, District 3",3,(REP,CHUCK EATON,31,1,1,25,0,0,4
DeKalb,STEPHENSON HIGH,"Public Service Commission, District 3",3,(REP,CHUCK EATON,39,0,2,26,0,0,11
DeKalb,STEPHENSON MIDDLE,"Public Service Commission, District 3",3,(REP,CHUCK EATON,53,0,2,41,0,0,10
DeKalb,STONE MILL ELEM,"Public Service Commission, District 3",3,(REP,CHUCK EATON,27,0,4,18,0,0,5
DeKalb,STONE MOUNTAIN CHAMPION,"Public Service Commission, District 3",3,(REP,CHUCK EATON,62,0,1,50,0,0,11
DeKalb,STONE MOUNTAIN ELEM,"Public Service Commission, District 3",3,(REP,CHUCK EATON,164,0,81,58,0,0,25
DeKalb,STONE MOUNTAIN,"Public Service Commission, District 3",3,(REP,CHUCK EATON,58,0,2,46,0,0,10
DeKalb,STONE MOUNTAIN MIDDLE,"Public Service Commission, District 3",3,(REP,CHUCK EATON,33,0,2,25,0,0,6
DeKalb,STONECREST LIBRARY (STC),"Public Service Commission, District 3",3,(REP,CHUCK EATON,15,0,0,13,0,0,2
DeKalb,STONEVIEW ELEM,"Public Service Commission, District 3",3,(REP,CHUCK EATON,13,0,0,9,0,0,4
DeKalb,TERRY MILL ELEM,"Public Service Commission, District 3",3,(REP,CHUCK EATON,15,0,1,7,0,0,7
DeKalb,TILLY MILL ROAD,"Public Service Commission, District 3",3,(REP,CHUCK EATON,274,1,12,206,0,0,55
DeKalb,TONEY ELEM,"Public Service Commission, District 3",3,(REP,CHUCK EATON,9,0,1,8,0,0,0
DeKalb,TUCKER,"Public Service Commission, District 3",3,(REP,CHUCK EATON,460,0,26,409,0,0,25
DeKalb,TUCKER LIBRARY,"Public Service Commission, District 3",3,(REP,CHUCK EATON,229,0,18,200,0,0,11
DeKalb,VALLEY BROOK,"Public Service Commission, District 3",3,(REP,CHUCK EATON,62,0,2,59,0,0,1
DeKalb,WADSWORTH - 05,"Public Service Commission, District 3",3,(REP,CHUCK EATON,4,0,1,2,0,0,1
DeKalb,WADSWORTH - 04,"Public Service Commission, District 3",3,(REP,CHUCK EATON,7,0,2,4,0,0,1
DeKalb,WARREN TECH,"Public Service Commission, District 3",3,(REP,CHUCK EATON,104,1,4,89,0,0,10
DeKalb,WESLEY CHAPEL LIBRARY,"Public Service Commission, District 3",3,(REP,CHUCK EATON,21,0,3,13,0,0,5
DeKalb,WHITE OAK,"Public Service Commission, District 3",3,(REP,CHUCK EATON,8,0,0,6,0,0,2
DeKalb,WINNONA PARK,"Public Service Commission, District 3",3,(REP,CHUCK EATON,56,0,0,47,0,0,9
DeKalb,WINTERS CHAPEL,"Public Service Commission, District 3",3,(REP,CHUCK EATON,208,2,7,161,0,0,38
DeKalb,WOODRIDGE ELEM,"Public Service Commission, District 3",3,(REP,CHUCK EATON,47,0,3,21,0,0,23
DeKalb,WOODROW ROAD,"Public Service Commission, District 3",3,(REP,CHUCK EATON,38,0,8,27,0,0,3
DeKalb,WOODWARD,"Public Service Commission, District 3",3,(REP,CHUCK EATON,112,0,6,83,0,0,23
DeKalb,WYNBROOKE ELEM,"Public Service Commission, District 3",3,(REP,CHUCK EATON,53,0,0,36,0,0,17
DeKalb,YOUNG ROAD,"Public Service Commission, District 3",3,(REP,CHUCK EATON,21,0,1,14,0,0,6
DeKalb,ALLGOOD ELEM,"Public Service Commission, District 3",3,DEM,LINDY MILLER,650,1,12,447,0,0,190
DeKalb,ASHFORD DUNWOODY RD,"Public Service Commission, District 3",3,DEM,LINDY MILLER,559,0,24,449,0,0,86
DeKalb,ASHFORD PARK ELEM,"Public Service Commission, District 3",3,DEM,LINDY MILLER,336,1,8,286,0,0,41
DeKalb,ASHFORD PARKSIDE,"Public Service Commission, District 3",3,DEM,LINDY MILLER,559,6,25,434,0,0,94
DeKalb,AUSTIN,"Public Service Commission, District 3",3,DEM,LINDY MILLER,403,0,13,219,0,0,171
DeKalb,AUSTIN DRIVE,"Public Service Commission, District 3",3,DEM,LINDY MILLER,377,2,14,259,0,0,102
DeKalb,AVONDALE,"Public Service Commission, District 3",3,DEM,LINDY MILLER,1065,1,22,798,0,0,244
DeKalb,AVONDALE HIGH - 04,"Public Service Commission, District 3",3,DEM,LINDY MILLER,638,0,11,451,0,0,176
DeKalb,AVONDALE HIGH - 05,"Public Service Commission, District 3",3,DEM,LINDY MILLER,469,1,11,313,0,0,144
DeKalb,BETHUNE MIDDLE,"Public Service Commission, District 3",3,DEM,LINDY MILLER,807,5,36,503,0,0,263
DeKalb,BOULDERCREST RD,"Public Service Commission, District 3",3,DEM,LINDY MILLER,475,0,2,376,0,0,97
DeKalb,BOULEVARD,"Public Service Commission, District 3",3,DEM,LINDY MILLER,1496,4,25,1260,0,0,207
DeKalb,BRIAR VISTA ELEM,"Public Service Commission, District 3",3,DEM,LINDY MILLER,711,0,23,615,0,0,73
DeKalb,BRIARCLIFF,"Public Service Commission, District 3",3,DEM,LINDY MILLER,578,0,36,486,0,0,56
DeKalb,BRIARLAKE ELEM,"Public Service Commission, District 3",3,DEM,LINDY MILLER,453,0,16,389,0,0,48
DeKalb,BRIARWOOD,"Public Service Commission, District 3",3,DEM,LINDY MILLER,354,2,4,323,0,0,25
DeKalb,BROCKETT,"Public Service Commission, District 3",3,DEM,LINDY MILLER,465,2,14,370,0,0,79
DeKalb,BROCKETT ELEM,"Public Service Commission, District 3",3,DEM,LINDY MILLER,471,1,12,367,0,0,91
DeKalb,BROOKHAVEN,"Public Service Commission, District 3",3,DEM,LINDY MILLER,517,1,10,452,0,0,54
DeKalb,BROWNS MILL ELEM,"Public Service Commission, District 3",3,DEM,LINDY MILLER,977,2,17,736,0,0,222
DeKalb,BURGESS ELEM,"Public Service Commission, District 3",3,DEM,LINDY MILLER,1043,2,10,862,0,0,169
DeKalb,CANBY LANE ELEM,"Public Service Commission, District 3",3,DEM,LINDY MILLER,405,4,21,264,0,0,116
DeKalb,CANDLER,"Public Service Commission, District 3",3,DEM,LINDY MILLER,597,2,31,414,0,0,150
DeKalb,CANDLER-MURPHEY CANDLER ELEM,"Public Service Commission, District 3",3,DEM,LINDY MILLER,718,1,21,562,0,0,134
DeKalb,CEDAR GROVE ELEM,"Public Service Commission, District 3",3,DEM,LINDY MILLER,918,2,27,632,0,0,257
DeKalb,CEDAR GROVE MIDDLE,"Public Service Commission, District 3",3,DEM,LINDY MILLER,266,3,8,176,0,0,79
DeKalb,CEDAR GROVE SOUTH,"Public Service Commission, District 3",3,DEM,LINDY MILLER,924,1,14,725,0,0,184
DeKalb,CHAMBLEE,"Public Service Commission, District 3",3,DEM,LINDY MILLER,307,2,5,259,0,0,41
DeKalb,CHAMBLEE 2,"Public Service Commission, District 3",3,DEM,LINDY MILLER,519,1,20,368,0,0,130
DeKalb,CHAPEL HILL ELEM,"Public Service Commission, District 3",3,DEM,LINDY MILLER,762,2,27,548,0,0,185
DeKalb,CHESNUT ELEM,"Public Service Commission, District 3",3,DEM,LINDY MILLER,356,4,10,241,0,0,101
DeKalb,CLAIREMONT EAST,"Public Service Commission, District 3",3,DEM,LINDY MILLER,1279,3,34,1035,0,0,207
DeKalb,CLAIREMONT WEST,"Public Service Commission, District 3",3,DEM,LINDY MILLER,1326,7,58,1008,0,0,253
DeKalb,CLAIRMONT ROAD,"Public Service Commission, District 3",3,DEM,LINDY MILLER,755,3,52,589,0,0,111
DeKalb,CLARKSTON,"Public Service Commission, District 3",3,DEM,LINDY MILLER,659,4,17,499,0,0,139
DeKalb,CLIFTON,"Public Service Commission, District 3",3,DEM,LINDY MILLER,319,1,16,202,0,0,100
DeKalb,COLUMBIA DRIVE,"Public Service Commission, District 3",3,DEM,LINDY MILLER,436,2,25,303,0,0,106
DeKalb,COLUMBIA ELEM,"Public Service Commission, District 3",3,DEM,LINDY MILLER,206,2,9,149,0,0,46
DeKalb,COLUMBIA MIDDLE,"Public Service Commission, District 3",3,DEM,LINDY MILLER,329,3,19,184,0,0,123
DeKalb,COAN RECREATION CENTER,"Public Service Commission, District 3",3,DEM,LINDY MILLER,946,0,31,767,0,0,148
DeKalb,CORALWOOD,"Public Service Commission, District 3",3,DEM,LINDY MILLER,947,5,32,758,0,0,152
DeKalb,COVINGTON,"Public Service Commission, District 3",3,DEM,LINDY MILLER,255,0,6,155,0,0,94
DeKalb,COVINGTON HIGHWAY,"Public Service Commission, District 3",3,DEM,LINDY MILLER,47,0,0,32,0,0,15
DeKalb,CROSS KEYS HIGH,"Public Service Commission, District 3",3,DEM,LINDY MILLER,298,3,17,233,0,0,45
DeKalb,CROSSROADS,"Public Service Commission, District 3",3,DEM,LINDY MILLER,642,0,10,453,0,0,179
DeKalb,DORAVILLE NORTH,"Public Service Commission, District 3",3,DEM,LINDY MILLER,335,1,9,276,0,0,49
DeKalb,DORAVILLE SOUTH,"Public Service Commission, District 3",3,DEM,LINDY MILLER,257,1,5,223,0,0,28
DeKalb,DRESDEN ELEM,"Public Service Commission, District 3",3,DEM,LINDY MILLER,758,4,28,607,0,0,119
DeKalb,DRUID HILLS HIGH,"Public Service Commission, District 3",3,DEM,LINDY MILLER,725,5,21,620,0,0,79
DeKalb,DUNAIRE ELEM,"Public Service Commission, District 3",3,DEM,LINDY MILLER,411,1,16,264,0,0,130
DeKalb,DUNWOODY,"Public Service Commission, District 3",3,DEM,LINDY MILLER,406,3,14,212,0,0,177
DeKalb,DUNWOODY 2,"Public Service Commission, District 3",3,DEM,LINDY MILLER,367,1,18,159,0,0,189
DeKalb,DUNWOODY LIBRARY,"Public Service Commission, District 3",3,DEM,LINDY MILLER,347,1,11,172,0,0,163
DeKalb,EAST LAKE,"Public Service Commission, District 3",3,DEM,LINDY MILLER,1073,2,57,767,0,0,247
DeKalb,EMBRY HILLS,"Public Service Commission, District 3",3,DEM,LINDY MILLER,389,1,14,327,0,0,47
DeKalb,EMORY ROAD,"Public Service Commission, District 3",3,DEM,LINDY MILLER,324,4,35,242,0,0,43
DeKalb,EMORY SOUTH,"Public Service Commission, District 3",3,DEM,LINDY MILLER,812,6,23,683,0,0,100
DeKalb,EPWORTH,"Public Service Commission, District 3",3,DEM,LINDY MILLER,1590,3,51,1265,0,0,271
DeKalb,EVANSDALE ELEM,"Public Service Commission, District 3",3,DEM,LINDY MILLER,686,0,25,584,0,0,77
DeKalb,FAIRINGTON ELEM,"Public Service Commission, District 3",3,DEM,LINDY MILLER,536,3,22,390,0,0,121
DeKalb,FERNBANK ELEM,"Public Service Commission, District 3",3,DEM,LINDY MILLER,855,1,37,663,0,0,154
DeKalb,FLAKES MILL FIRE STATION,"Public Service Commission, District 3",3,DEM,LINDY MILLER,473,1,30,361,0,0,81
DeKalb,FLAT ROCK ELEM,"Public Service Commission, District 3",3,DEM,LINDY MILLER,695,6,13,545,0,0,131
DeKalb,FLAT SHOALS,"Public Service Commission, District 3",3,DEM,LINDY MILLER,404,3,30,226,0,0,145
DeKalb,FLAT SHOALS ELEM,"Public Service Commission, District 3",3,DEM,LINDY MILLER,396,1,23,257,0,0,115
DeKalb,FLAT SHOALS LIBRARY,"Public Service Commission, District 3",3,DEM,LINDY MILLER,387,1,17,252,0,0,117
DeKalb,FLAT SHOALS PARKWAY,"Public Service Commission, District 3",3,DEM,LINDY MILLER,911,7,25,574,0,0,305
DeKalb,FREEDOM MIDDLE,"Public Service Commission, District 3",3,DEM,LINDY MILLER,504,3,11,340,0,0,150
DeKalb,GEORGETOWN SQUARE,"Public Service Commission, District 3",3,DEM,LINDY MILLER,480,12,6,284,0,0,178
DeKalb,GLENHAVEN,"Public Service Commission, District 3",3,DEM,LINDY MILLER,346,1,8,258,0,0,79
DeKalb,GLENNWOOD - 04,"Public Service Commission, District 3",3,DEM,LINDY MILLER,380,2,5,309,0,0,64
DeKalb,GLENNWOOD - 05,"Public Service Commission, District 3",3,DEM,LINDY MILLER,434,5,22,331,0,0,76
DeKalb,GLENWOOD ROAD,"Public Service Commission, District 3",3,DEM,LINDY MILLER,318,3,22,209,0,0,84
DeKalb,GRESHAM ROAD,"Public Service Commission, District 3",3,DEM,LINDY MILLER,756,1,19,591,0,0,145
DeKalb,HAMBRICK ELEM,"Public Service Commission, District 3",3,DEM,LINDY MILLER,557,5,28,371,0,0,153
DeKalb,HARRIS-MARGARET HARRIS ED,"Public Service Commission, District 3",3,DEM,LINDY MILLER,327,0,6,291,0,0,30
DeKalb,HARRIS-NARVIE J. HARRIS ELEM,"Public Service Commission, District 3",3,DEM,LINDY MILLER,788,1,28,540,0,0,219
DeKalb,HAWTHORNE ELEM,"Public Service Commission, District 3",3,DEM,LINDY MILLER,730,3,23,607,0,0,97
DeKalb,HENDERSON MILL,"Public Service Commission, District 3",3,DEM,LINDY MILLER,601,0,18,491,0,0,92
DeKalb,HUGH HOWELL,"Public Service Commission, District 3",3,DEM,LINDY MILLER,415,0,6,336,0,0,73
DeKalb,HUNTLEY HILLS ELEM,"Public Service Commission, District 3",3,DEM,LINDY MILLER,535,8,12,385,0,0,130
DeKalb,IDLEWOOD ELEM,"Public Service Commission, District 3",3,DEM,LINDY MILLER,349,0,9,266,0,0,74
DeKalb,INDIAN CREEK,"Public Service Commission, District 3",3,DEM,LINDY MILLER,279,1,13,177,0,0,88
DeKalb,JOHNSON ESTATES,"Public Service Commission, District 3",3,DEM,LINDY MILLER,475,0,28,381,0,0,66
DeKalb,JOLLY ELEM,"Public Service Commission, District 3",3,DEM,LINDY MILLER,517,0,18,379,0,0,120
DeKalb,KELLEY CHAPEL ROAD,"Public Service Commission, District 3",3,DEM,LINDY MILLER,386,0,18,259,0,0,109
DeKalb,KELLEY LAKE ELEM,"Public Service Commission, District 3",3,DEM,LINDY MILLER,533,3,16,336,0,0,178
DeKalb,KING-ML KING JR HIGH,"Public Service Commission, District 3",3,DEM,LINDY MILLER,1261,1,53,741,0,0,466
DeKalb,KINGSLEY ELEM,"Public Service Commission, District 3",3,DEM,LINDY MILLER,389,2,24,203,0,0,160
DeKalb,KNOLLWOOD,"Public Service Commission, District 3",3,DEM,LINDY MILLER,517,1,25,390,0,0,101
DeKalb,KITTREDGE ELEM,"Public Service Commission, District 3",3,DEM,LINDY MILLER,432,2,13,272,0,0,145
DeKalb,LAKESIDE HIGH,"Public Service Commission, District 3",3,DEM,LINDY MILLER,826,3,32,688,0,0,103
DeKalb,LAVISTA,"Public Service Commission, District 3",3,DEM,LINDY MILLER,579,4,17,486,0,0,72
DeKalb,LAVISTA ROAD,"Public Service Commission, District 3",3,DEM,LINDY MILLER,605,0,20,512,0,0,73
DeKalb,LIN-MARY LIN ELEM,"Public Service Commission, District 3",3,DEM,LINDY MILLER,1019,1,35,828,0,0,155
DeKalb,LITHONIA,"Public Service Commission, District 3",3,DEM,LINDY MILLER,209,2,21,171,0,0,15
DeKalb,LITHONIA HIGH,"Public Service Commission, District 3",3,DEM,LINDY MILLER,482,3,21,397,0,0,61
DeKalb,LIVSEY ELEM,"Public Service Commission, District 3",3,DEM,LINDY MILLER,325,2,14,272,0,0,37
DeKalb,MARBUT ELEM,"Public Service Commission, District 3",3,DEM,LINDY MILLER,587,6,16,420,0,0,145
DeKalb,MATHIS-BOB MATHIS ELEM,"Public Service Commission, District 3",3,DEM,LINDY MILLER,793,0,27,521,0,0,245
DeKalb,MCLENDON,"Public Service Commission, District 3",3,DEM,LINDY MILLER,829,1,11,649,0,0,168
DeKalb,MCNAIR ACADEMY,"Public Service Commission, District 3",3,DEM,LINDY MILLER,495,2,21,355,0,0,117
DeKalb,MCNAIR HIGH,"Public Service Commission, District 3",3,DEM,LINDY MILLER,952,0,22,735,0,0,195
DeKalb,MCNAIR,"Public Service Commission, District 3",3,DEM,LINDY MILLER,512,6,19,341,0,0,146
DeKalb,MCWILLIAMS,"Public Service Commission, District 3",3,DEM,LINDY MILLER,597,0,14,463,0,0,120
DeKalb,MEADOWVIEW,"Public Service Commission, District 3",3,DEM,LINDY MILLER,670,4,25,447,0,0,194
DeKalb,MEDLOCK,"Public Service Commission, District 3",3,DEM,LINDY MILLER,775,2,21,626,0,0,126
DeKalb,MEMORIAL SOUTH,"Public Service Commission, District 3",3,DEM,LINDY MILLER,317,1,11,229,0,0,76
DeKalb,METROPOLITAN,"Public Service Commission, District 3",3,DEM,LINDY MILLER,957,1,29,826,0,0,101
DeKalb,MIDVALE ELEM,"Public Service Commission, District 3",3,DEM,LINDY MILLER,558,0,18,469,0,0,71
DeKalb,MIDVALE ROAD,"Public Service Commission, District 3",3,DEM,LINDY MILLER,346,1,6,280,0,0,59
DeKalb,MIDWAY,"Public Service Commission, District 3",3,DEM,LINDY MILLER,450,2,23,281,0,0,144
DeKalb,MILLER-ELDRIDGE L. MILLER ELEM,"Public Service Commission, District 3",3,DEM,LINDY MILLER,611,3,18,405,0,0,185
DeKalb,MILLER GROVE HIGH,"Public Service Commission, District 3",3,DEM,LINDY MILLER,386,2,20,290,0,0,74
DeKalb,MILLER GROVE,"Public Service Commission, District 3",3,DEM,LINDY MILLER,527,5,28,338,0,0,156
DeKalb,MILLER GROVE ROAD,"Public Service Commission, District 3",3,DEM,LINDY MILLER,609,0,15,510,0,0,84
DeKalb,MONTCLAIR ELEM,"Public Service Commission, District 3",3,DEM,LINDY MILLER,254,1,4,216,0,0,33
DeKalb,MONTGOMERY ELEM,"Public Service Commission, District 3",3,DEM,LINDY MILLER,431,1,19,277,0,0,134
DeKalb,MONTREAL,"Public Service Commission, District 3",3,DEM,LINDY MILLER,446,2,18,360,0,0,66
DeKalb,MT. VERNON EAST,"Public Service Commission, District 3",3,DEM,LINDY MILLER,381,2,7,206,0,0,166
DeKalb,MT. VERNON WEST,"Public Service Commission, District 3",3,DEM,LINDY MILLER,403,3,10,212,0,0,178
DeKalb,NORTH DECATUR,"Public Service Commission, District 3",3,DEM,LINDY MILLER,401,1,19,298,0,0,83
DeKalb,NORTH HAIRSTON,"Public Service Commission, District 3",3,DEM,LINDY MILLER,422,4,12,305,0,0,101
DeKalb,NORTH PEACHTREE,"Public Service Commission, District 3",3,DEM,LINDY MILLER,298,1,9,205,0,0,83
DeKalb,NORTHLAKE,"Public Service Commission, District 3",3,DEM,LINDY MILLER,397,1,6,337,0,0,53
DeKalb,OAK GROVE ELEM,"Public Service Commission, District 3",3,DEM,LINDY MILLER,553,1,22,474,0,0,56
DeKalb,OAK VIEW ELEM,"Public Service Commission, District 3",3,DEM,LINDY MILLER,936,6,24,675,0,0,231
DeKalb,OAKCLIFF ELEM,"Public Service Commission, District 3",3,DEM,LINDY MILLER,221,0,14,178,0,0,29
DeKalb,OAKHURST,"Public Service Commission, District 3",3,DEM,LINDY MILLER,1048,1,29,886,0,0,132
DeKalb,PANOLA,"Public Service Commission, District 3",3,DEM,LINDY MILLER,364,1,9,268,0,0,86
DeKalb,PANOLA ROAD,"Public Service Commission, District 3",3,DEM,LINDY MILLER,463,3,29,323,0,0,108
DeKalb,PANOLA WAY ELEM,"Public Service Commission, District 3",3,DEM,LINDY MILLER,271,2,7,199,0,0,63
DeKalb,PEACHCREST,"Public Service Commission, District 3",3,DEM,LINDY MILLER,370,1,11,267,0,0,91
DeKalb,PEACHTREE MIDDLE,"Public Service Commission, District 3",3,DEM,LINDY MILLER,496,7,23,293,0,0,173
DeKalb,PINE LAKE,"Public Service Commission, District 3",3,DEM,LINDY MILLER,234,0,2,213,0,0,19
DeKalb,PINEY GROVE,"Public Service Commission, District 3",3,DEM,LINDY MILLER,264,1,6,218,0,0,39
DeKalb,PLEASANTDALE ROAD,"Public Service Commission, District 3",3,DEM,LINDY MILLER,483,3,9,403,0,0,68
DeKalb,PONCE DE LEON,"Public Service Commission, District 3",3,DEM,LINDY MILLER,867,4,26,689,0,0,148
DeKalb,PRINCETON ELEM,"Public Service Commission, District 3",3,DEM,LINDY MILLER,446,1,4,368,0,0,73
DeKalb,RAINBOW ELEM,"Public Service Commission, District 3",3,DEM,LINDY MILLER,904,0,42,568,0,0,294
DeKalb,REDAN ELEM,"Public Service Commission, District 3",3,DEM,LINDY MILLER,632,4,6,500,0,0,122
DeKalb,REDAN MIDDLE,"Public Service Commission, District 3",3,DEM,LINDY MILLER,495,4,12,356,0,0,123
DeKalb,REDAN ROAD,"Public Service Commission, District 3",3,DEM,LINDY MILLER,507,1,18,390,0,0,98
DeKalb,REDAN-TROTTI LIBRARY,"Public Service Commission, District 3",3,DEM,LINDY MILLER,728,1,19,579,0,0,129
DeKalb,REHOBOTH,"Public Service Commission, District 3",3,DEM,LINDY MILLER,471,2,11,385,0,0,73
DeKalb,RENFROE MIDDLE,"Public Service Commission, District 3",3,DEM,LINDY MILLER,635,1,10,494,0,0,130
DeKalb,ROCK CHAPEL ELEM,"Public Service Commission, District 3",3,DEM,LINDY MILLER,482,3,9,388,0,0,82
DeKalb,ROCK CHAPEL ROAD,"Public Service Commission, District 3",3,DEM,LINDY MILLER,779,5,22,664,0,0,88
DeKalb,ROCKBRIDGE ELEM,"Public Service Commission, District 3",3,DEM,LINDY MILLER,416,8,12,286,0,0,110
DeKalb,ROCKBRIDGE ROAD,"Public Service Commission, District 3",3,DEM,LINDY MILLER,1019,4,21,776,0,0,218
DeKalb,ROWLAND ELEM,"Public Service Commission, District 3",3,DEM,LINDY MILLER,496,4,22,309,0,0,161
DeKalb,ROWLAND ROAD,"Public Service Commission, District 3",3,DEM,LINDY MILLER,427,0,6,332,0,0,89
DeKalb,SAGAMORE HILLS ELEM,"Public Service Commission, District 3",3,DEM,LINDY MILLER,832,2,17,730,0,0,83
DeKalb,SALEM MIDDLE,"Public Service Commission, District 3",3,DEM,LINDY MILLER,934,4,18,716,0,0,196
DeKalb,SCOTT,"Public Service Commission, District 3",3,DEM,LINDY MILLER,779,1,18,632,0,0,128
DeKalb,SHADOW ROCK ELEM,"Public Service Commission, District 3",3,DEM,LINDY MILLER,1039,3,29,669,0,0,338
DeKalb,SHAMROCK,"Public Service Commission, District 3",3,DEM,LINDY MILLER,534,2,14,426,0,0,92
DeKalb,SHAW-ROBERT SHAW ELEM,"Public Service Commission, District 3",3,DEM,LINDY MILLER,501,1,23,333,0,0,144
DeKalb,SILVER LAKE,"Public Service Commission, District 3",3,DEM,LINDY MILLER,570,2,33,447,0,0,88
DeKalb,SKYLAND,"Public Service Commission, District 3",3,DEM,LINDY MILLER,301,0,9,262,0,0,30
DeKalb,SMOKE RISE,"Public Service Commission, District 3",3,DEM,LINDY MILLER,453,0,13,341,0,0,99
DeKalb,SNAPFINGER ELEM,"Public Service Commission, District 3",3,DEM,LINDY MILLER,547,0,28,322,0,0,197
DeKalb,SNAPFINGER ROAD NORTH,"Public Service Commission, District 3",3,DEM,LINDY MILLER,453,3,11,336,0,0,103
DeKalb,SNAPFINGER ROAD SOUTH,"Public Service Commission, District 3",3,DEM,LINDY MILLER,556,2,7,424,0,0,123
DeKalb,SOUTH DESHON,"Public Service Commission, District 3",3,DEM,LINDY MILLER,659,0,26,499,0,0,134
DeKalb,SOUTH HAIRSTON,"Public Service Commission, District 3",3,DEM,LINDY MILLER,708,1,16,528,0,0,163
DeKalb,STEPHENSON HIGH,"Public Service Commission, District 3",3,DEM,LINDY MILLER,709,2,20,515,0,0,172
DeKalb,STEPHENSON MIDDLE,"Public Service Commission, District 3",3,DEM,LINDY MILLER,790,6,11,595,0,0,178
DeKalb,STONE MILL ELEM,"Public Service Commission, District 3",3,DEM,LINDY MILLER,260,1,16,171,0,0,72
DeKalb,STONE MOUNTAIN CHAMPION,"Public Service Commission, District 3",3,DEM,LINDY MILLER,276,2,8,181,0,0,85
DeKalb,STONE MOUNTAIN ELEM,"Public Service Commission, District 3",3,DEM,LINDY MILLER,423,2,76,236,0,0,109
DeKalb,STONE MOUNTAIN,"Public Service Commission, District 3",3,DEM,LINDY MILLER,369,0,16,308,0,0,45
DeKalb,STONE MOUNTAIN MIDDLE,"Public Service Commission, District 3",3,DEM,LINDY MILLER,156,3,3,115,0,0,35
DeKalb,STONECREST LIBRARY (STC),"Public Service Commission, District 3",3,DEM,LINDY MILLER,588,2,13,473,0,0,100
DeKalb,STONEVIEW ELEM,"Public Service Commission, District 3",3,DEM,LINDY MILLER,189,2,12,150,0,0,25
DeKalb,TERRY MILL ELEM,"Public Service Commission, District 3",3,DEM,LINDY MILLER,600,3,24,428,0,0,145
DeKalb,TILLY MILL ROAD,"Public Service Commission, District 3",3,DEM,LINDY MILLER,299,0,9,199,0,0,91
DeKalb,TONEY ELEM,"Public Service Commission, District 3",3,DEM,LINDY MILLER,358,0,13,228,0,0,117
DeKalb,TUCKER,"Public Service Commission, District 3",3,DEM,LINDY MILLER,704,0,11,595,0,0,98
DeKalb,TUCKER LIBRARY,"Public Service Commission, District 3",3,DEM,LINDY MILLER,518,0,12,416,0,0,90
DeKalb,VALLEY BROOK,"Public Service Commission, District 3",3,DEM,LINDY MILLER,280,1,5,243,0,0,31
DeKalb,WADSWORTH - 05,"Public Service Commission, District 3",3,DEM,LINDY MILLER,191,9,9,123,0,0,50
DeKalb,WADSWORTH - 04,"Public Service Commission, District 3",3,DEM,LINDY MILLER,400,2,21,276,0,0,101
DeKalb,WARREN TECH,"Public Service Commission, District 3",3,DEM,LINDY MILLER,264,1,14,232,0,0,17
DeKalb,WESLEY CHAPEL LIBRARY,"Public Service Commission, District 3",3,DEM,LINDY MILLER,900,2,18,574,0,0,306
DeKalb,WHITE OAK,"Public Service Commission, District 3",3,DEM,LINDY MILLER,428,3,12,321,0,0,92
DeKalb,WINNONA PARK,"Public Service Commission, District 3",3,DEM,LINDY MILLER,833,0,6,672,0,0,155
DeKalb,WINTERS CHAPEL,"Public Service Commission, District 3",3,DEM,LINDY MILLER,294,1,14,193,0,0,86
DeKalb,WOODRIDGE ELEM,"Public Service Commission, District 3",3,DEM,LINDY MILLER,664,3,28,423,0,0,210
DeKalb,WOODROW ROAD,"Public Service Commission, District 3",3,DEM,LINDY MILLER,557,3,19,438,0,0,97
DeKalb,WOODWARD,"Public Service Commission, District 3",3,DEM,LINDY MILLER,453,2,13,390,0,0,48
DeKalb,WYNBROOKE ELEM,"Public Service Commission, District 3",3,DEM,LINDY MILLER,892,3,23,683,0,0,183
DeKalb,YOUNG ROAD,"Public Service Commission, District 3",3,DEM,LINDY MILLER,498,3,11,348,0,0,136
