county,office,district,party,candidate ,votes
APPLING,U.S. Senate,,Democrat,Zell Miller,2606
APPLING,U.S. Senate,,Green,Jeff Gates,40
APPLING,U.S. Senate,,Independent,Winnie Walsh,23
APPLING,U.S. Senate,,Libertarian,Paul Rober MacGregor,55
APPLING,U.S. Senate,,Republican,Ben Ballenger,161
APPLING,U.S. Senate,,Republican,Bobby Wood,20
APPLING,U.S. Senate,,Republican,Mack Mattingly,2055
ATKINSON,U.S. Senate,,Democrat,Zell Miller,846
ATKINSON,U.S. Senate,,Green,Jeff Gates,14
ATKINSON,U.S. Senate,,Independent,Winnie Walsh,6
ATKINSON,U.S. Senate,,Libertarian,Paul Rober MacGregor,16
ATKINSON,U.S. Senate,,Republican,Ben Ballenger,37
ATKINSON,U.S. Senate,,Republican,Bobby Wood,17
ATKINSON,U.S. Senate,,Republican,Mack Mattingly,538
BACON,U.S. Senate,,Democrat,Zell Miller,1265
BACON,U.S. Senate,,Green,Jeff Gates,21
BACON,U.S. Senate,,Independent,Winnie Walsh,10
BACON,U.S. Senate,,Libertarian,Paul Rober MacGregor,27
BACON,U.S. Senate,,Republican,Ben Ballenger,50
BACON,U.S. Senate,,Republican,Bobby Wood,10
BACON,U.S. Senate,,Republican,Mack Mattingly,901
BAKER,U.S. Senate,,Democrat,Zell Miller,736
BAKER,U.S. Senate,,Green,Jeff Gates,10
BAKER,U.S. Senate,,Independent,Winnie Walsh,2
BAKER,U.S. Senate,,Libertarian,Paul Rober MacGregor,7
BAKER,U.S. Senate,,Republican,Ben Ballenger,25
BAKER,U.S. Senate,,Republican,Bobby Wood,9
BAKER,U.S. Senate,,Republican,Mack Mattingly,327
BALDWIN,U.S. Senate,,Democrat,Zell Miller,4969
BALDWIN,U.S. Senate,,Green,Jeff Gates,80
BALDWIN,U.S. Senate,,Independent,Winnie Walsh,50
BALDWIN,U.S. Senate,,Libertarian,Paul Rober MacGregor,84
BALDWIN,U.S. Senate,,Republican,Ben Ballenger,302
BALDWIN,U.S. Senate,,Republican,Bobby Wood,83
BALDWIN,U.S. Senate,,Republican,Mack Mattingly,3663
BANKS,U.S. Senate,,Democrat,Zell Miller,2562
BANKS,U.S. Senate,,Green,Jeff Gates,40
BANKS,U.S. Senate,,Independent,Winnie Walsh,19
BANKS,U.S. Senate,,Libertarian,Paul Rober MacGregor,36
BANKS,U.S. Senate,,Republican,Ben Ballenger,37
BANKS,U.S. Senate,,Republican,Bobby Wood,25
BANKS,U.S. Senate,,Republican,Mack Mattingly,1851
BARROW,U.S. Senate,,Democrat,Zell Miller,6334
BARROW,U.S. Senate,,Green,Jeff Gates,98
BARROW,U.S. Senate,,Independent,Winnie Walsh,38
BARROW,U.S. Senate,,Libertarian,Paul Rober MacGregor,172
BARROW,U.S. Senate,,Republican,Ben Ballenger,50
BARROW,U.S. Senate,,Republican,Bobby Wood,108
BARROW,U.S. Senate,,Republican,Mack Mattingly,6650
BARTOW,U.S. Senate,,Democrat,Zell Miller,12455
BARTOW,U.S. Senate,,Green,Jeff Gates,224
BARTOW,U.S. Senate,,Independent,Winnie Walsh,93
BARTOW,U.S. Senate,,Libertarian,Paul Rober MacGregor,204
BARTOW,U.S. Senate,,Republican,Ben Ballenger,142
BARTOW,U.S. Senate,,Republican,Bobby Wood,85
BARTOW,U.S. Senate,,Republican,Mack Mattingly,8978
BEN HILL,U.S. Senate,,Democrat,Zell Miller,3056
BEN HILL,U.S. Senate,,Green,Jeff Gates,41
BEN HILL,U.S. Senate,,Independent,Winnie Walsh,18
BEN HILL,U.S. Senate,,Libertarian,Paul Rober MacGregor,60
BEN HILL,U.S. Senate,,Republican,Ben Ballenger,40
BEN HILL,U.S. Senate,,Republican,Bobby Wood,14
BEN HILL,U.S. Senate,,Republican,Mack Mattingly,1364
BERRIEN,U.S. Senate,,Democrat,Zell Miller,2757
BERRIEN,U.S. Senate,,Green,Jeff Gates,48
BERRIEN,U.S. Senate,,Independent,Winnie Walsh,15
BERRIEN,U.S. Senate,,Libertarian,Paul Rober MacGregor,35
BERRIEN,U.S. Senate,,Republican,Ben Ballenger,33
BERRIEN,U.S. Senate,,Republican,Bobby Wood,30
BERRIEN,U.S. Senate,,Republican,Mack Mattingly,1510
BIBB,U.S. Senate,,Democrat,Zell Miller,28423
BIBB,U.S. Senate,,Green,Jeff Gates,303
BIBB,U.S. Senate,,Independent,Winnie Walsh,139
BIBB,U.S. Senate,,Libertarian,Paul Rober MacGregor,264
BIBB,U.S. Senate,,Republican,Ben Ballenger,189
BIBB,U.S. Senate,,Republican,Bobby Wood,129
BIBB,U.S. Senate,,Republican,Mack Mattingly,17722
BLECKLEY,U.S. Senate,,Democrat,Zell Miller,1365
BLECKLEY,U.S. Senate,,Green,Jeff Gates,13
BLECKLEY,U.S. Senate,,Independent,Winnie Walsh,8
BLECKLEY,U.S. Senate,,Libertarian,Paul Rober MacGregor,13
BLECKLEY,U.S. Senate,,Republican,Ben Ballenger,73
BLECKLEY,U.S. Senate,,Republican,Bobby Wood,15
BLECKLEY,U.S. Senate,,Republican,Mack Mattingly,1272
BRANTLEY,U.S. Senate,,Democrat,Zell Miller,1436
BRANTLEY,U.S. Senate,,Green,Jeff Gates,49
BRANTLEY,U.S. Senate,,Independent,Winnie Walsh,21
BRANTLEY,U.S. Senate,,Libertarian,Paul Rober MacGregor,60
BRANTLEY,U.S. Senate,,Republican,Ben Ballenger,183
BRANTLEY,U.S. Senate,,Republican,Bobby Wood,46
BRANTLEY,U.S. Senate,,Republican,Mack Mattingly,1078
BROOKS,U.S. Senate,,Democrat,Zell Miller,1911
BROOKS,U.S. Senate,,Green,Jeff Gates,20
BROOKS,U.S. Senate,,Independent,Winnie Walsh,19
BROOKS,U.S. Senate,,Libertarian,Paul Rober MacGregor,22
BROOKS,U.S. Senate,,Republican,Ben Ballenger,98
BROOKS,U.S. Senate,,Republican,Bobby Wood,32
BROOKS,U.S. Senate,,Republican,Mack Mattingly,1005
BRYAN,U.S. Senate,,Democrat,Zell Miller,2642
BRYAN,U.S. Senate,,Green,Jeff Gates,35
BRYAN,U.S. Senate,,Independent,Winnie Walsh,20
BRYAN,U.S. Senate,,Libertarian,Paul Rober MacGregor,38
BRYAN,U.S. Senate,,Republican,Ben Ballenger,170
BRYAN,U.S. Senate,,Republican,Bobby Wood,16
BRYAN,U.S. Senate,,Republican,Mack Mattingly,2348
BULLOCH,U.S. Senate,,Democrat,Zell Miller,8510
BULLOCH,U.S. Senate,,Green,Jeff Gates,140
BULLOCH,U.S. Senate,,Independent,Winnie Walsh,36
BULLOCH,U.S. Senate,,Libertarian,Paul Rober MacGregor,109
BULLOCH,U.S. Senate,,Republican,Ben Ballenger,53
BULLOCH,U.S. Senate,,Republican,Bobby Wood,50
BULLOCH,U.S. Senate,,Republican,Mack Mattingly,5436
BURKE,U.S. Senate,,Democrat,Zell Miller,3473
BURKE,U.S. Senate,,Green,Jeff Gates,32
BURKE,U.S. Senate,,Independent,Winnie Walsh,15
BURKE,U.S. Senate,,Libertarian,Paul Rober MacGregor,45
BURKE,U.S. Senate,,Republican,Ben Ballenger,115
BURKE,U.S. Senate,,Republican,Bobby Wood,39
BURKE,U.S. Senate,,Republican,Mack Mattingly,2113
BUTTS,U.S. Senate,,Democrat,Zell Miller,3254
BUTTS,U.S. Senate,,Green,Jeff Gates,37
BUTTS,U.S. Senate,,Independent,Winnie Walsh,15
BUTTS,U.S. Senate,,Libertarian,Paul Rober MacGregor,50
BUTTS,U.S. Senate,,Republican,Ben Ballenger,22
BUTTS,U.S. Senate,,Republican,Bobby Wood,25
BUTTS,U.S. Senate,,Republican,Mack Mattingly,2201
CALHOUN,U.S. Senate,,Democrat,Zell Miller,1379
CALHOUN,U.S. Senate,,Green,Jeff Gates,6
CALHOUN,U.S. Senate,,Independent,Winnie Walsh,9
CALHOUN,U.S. Senate,,Libertarian,Paul Rober MacGregor,13
CALHOUN,U.S. Senate,,Republican,Ben Ballenger,18
CALHOUN,U.S. Senate,,Republican,Bobby Wood,6
CALHOUN,U.S. Senate,,Republican,Mack Mattingly,447
CAMDEN,U.S. Senate,,Democrat,Zell Miller,2629
CAMDEN,U.S. Senate,,Green,Jeff Gates,86
CAMDEN,U.S. Senate,,Independent,Winnie Walsh,59
CAMDEN,U.S. Senate,,Libertarian,Paul Rober MacGregor,97
CAMDEN,U.S. Senate,,Republican,Ben Ballenger,177
CAMDEN,U.S. Senate,,Republican,Bobby Wood,82
CAMDEN,U.S. Senate,,Republican,Mack Mattingly,1298
CANDLER,U.S. Senate,,Democrat,Zell Miller,1230
CANDLER,U.S. Senate,,Green,Jeff Gates,10
CANDLER,U.S. Senate,,Independent,Winnie Walsh,5
CANDLER,U.S. Senate,,Libertarian,Paul Rober MacGregor,58
CANDLER,U.S. Senate,,Republican,Ben Ballenger,41
CANDLER,U.S. Senate,,Republican,Bobby Wood,11
CANDLER,U.S. Senate,,Republican,Mack Mattingly,827
CARROLL,U.S. Senate,,Democrat,Zell Miller,14497
CARROLL,U.S. Senate,,Green,Jeff Gates,169
CARROLL,U.S. Senate,,Independent,Winnie Walsh,71
CARROLL,U.S. Senate,,Libertarian,Paul Rober MacGregor,219
CARROLL,U.S. Senate,,Republican,Ben Ballenger,136
CARROLL,U.S. Senate,,Republican,Bobby Wood,104
CARROLL,U.S. Senate,,Republican,Mack Mattingly,10319
CATOOSA,U.S. Senate,,Democrat,Zell Miller,10164
CATOOSA,U.S. Senate,,Green,Jeff Gates,271
CATOOSA,U.S. Senate,,Independent,Winnie Walsh,88
CATOOSA,U.S. Senate,,Libertarian,Paul Rober MacGregor,200
CATOOSA,U.S. Senate,,Republican,Ben Ballenger,175
CATOOSA,U.S. Senate,,Republican,Bobby Wood,230
CATOOSA,U.S. Senate,,Republican,Mack Mattingly,5758
CHARLTON,U.S. Senate,,Democrat,Zell Miller,1039
CHARLTON,U.S. Senate,,Green,Jeff Gates,38
CHARLTON,U.S. Senate,,Independent,Winnie Walsh,16
CHARLTON,U.S. Senate,,Libertarian,Paul Rober MacGregor,39
CHARLTON,U.S. Senate,,Republican,Ben Ballenger,102
CHARLTON,U.S. Senate,,Republican,Bobby Wood,29
CHARLTON,U.S. Senate,,Republican,Mack Mattingly,430
CHATHAM,U.S. Senate,,Democrat,Zell Miller,43198
CHATHAM,U.S. Senate,,Green,Jeff Gates,543
CHATHAM,U.S. Senate,,Independent,Winnie Walsh,317
CHATHAM,U.S. Senate,,Libertarian,Paul Rober MacGregor,432
CHATHAM,U.S. Senate,,Republican,Ben Ballenger,348
CHATHAM,U.S. Senate,,Republican,Bobby Wood,185
CHATHAM,U.S. Senate,,Republican,Mack Mattingly,27100
CHATTAHOOCHEE,U.S. Senate,,Democrat,Zell Miller,650
CHATTAHOOCHEE,U.S. Senate,,Green,Jeff Gates,18
CHATTAHOOCHEE,U.S. Senate,,Independent,Winnie Walsh,16
CHATTAHOOCHEE,U.S. Senate,,Libertarian,Paul Rober MacGregor,15
CHATTAHOOCHEE,U.S. Senate,,Republican,Ben Ballenger,49
CHATTAHOOCHEE,U.S. Senate,,Republican,Bobby Wood,10
CHATTAHOOCHEE,U.S. Senate,,Republican,Mack Mattingly,290
CHATTOOGA,U.S. Senate,,Democrat,Zell Miller,3863
CHATTOOGA,U.S. Senate,,Green,Jeff Gates,43
CHATTOOGA,U.S. Senate,,Independent,Winnie Walsh,12
CHATTOOGA,U.S. Senate,,Libertarian,Paul Rober MacGregor,38
CHATTOOGA,U.S. Senate,,Republican,Ben Ballenger,778
CHATTOOGA,U.S. Senate,,Republican,Bobby Wood,27
CHATTOOGA,U.S. Senate,,Republican,Mack Mattingly,1477
CHEROKEE,U.S. Senate,,Democrat,Zell Miller,23218
CHEROKEE,U.S. Senate,,Green,Jeff Gates,339
CHEROKEE,U.S. Senate,,Independent,Winnie Walsh,184
CHEROKEE,U.S. Senate,,Libertarian,Paul Rober MacGregor,703
CHEROKEE,U.S. Senate,,Republican,Ben Ballenger,242
CHEROKEE,U.S. Senate,,Republican,Bobby Wood,232
CHEROKEE,U.S. Senate,,Republican,Mack Mattingly,25905
CLARKE,U.S. Senate,,Democrat,Zell Miller,14211
CLARKE,U.S. Senate,,Green,Jeff Gates,705
CLARKE,U.S. Senate,,Independent,Winnie Walsh,125
CLARKE,U.S. Senate,,Libertarian,Paul Rober MacGregor,182
CLARKE,U.S. Senate,,Republican,Ben Ballenger,582
CLARKE,U.S. Senate,,Republican,Bobby Wood,73
CLARKE,U.S. Senate,,Republican,Mack Mattingly,6835
CLAY,U.S. Senate,,Democrat,Zell Miller,604
CLAY,U.S. Senate,,Green,Jeff Gates,9
CLAY,U.S. Senate,,Independent,Winnie Walsh,5
CLAY,U.S. Senate,,Libertarian,Paul Rober MacGregor,9
CLAY,U.S. Senate,,Republican,Ben Ballenger,27
CLAY,U.S. Senate,,Republican,Bobby Wood,5
CLAY,U.S. Senate,,Republican,Mack Mattingly,230
CLAYTON,U.S. Senate,,Democrat,Zell Miller,43440
CLAYTON,U.S. Senate,,Green,Jeff Gates,731
CLAYTON,U.S. Senate,,Independent,Winnie Walsh,426
CLAYTON,U.S. Senate,,Libertarian,Paul Rober MacGregor,684
CLAYTON,U.S. Senate,,Republican,Ben Ballenger,678
CLAYTON,U.S. Senate,,Republican,Bobby Wood,298
CLAYTON,U.S. Senate,,Republican,Mack Mattingly,13845
CLINCH,U.S. Senate,,Democrat,Zell Miller,746
CLINCH,U.S. Senate,,Green,Jeff Gates,10
CLINCH,U.S. Senate,,Independent,Winnie Walsh,6
CLINCH,U.S. Senate,,Libertarian,Paul Rober MacGregor,5
CLINCH,U.S. Senate,,Republican,Ben Ballenger,57
CLINCH,U.S. Senate,,Republican,Bobby Wood,15
CLINCH,U.S. Senate,,Republican,Mack Mattingly,299
COBB,U.S. Senate,,Democrat,Zell Miller,116132
COBB,U.S. Senate,,Green,Jeff Gates,1543
COBB,U.S. Senate,,Independent,Winnie Walsh,1137
COBB,U.S. Senate,,Libertarian,Paul Rober MacGregor,2864
COBB,U.S. Senate,,Republican,Ben Ballenger,979
COBB,U.S. Senate,,Republican,Bobby Wood,823
COBB,U.S. Senate,,Republican,Mack Mattingly,99303
COFFEE,U.S. Senate,,Democrat,Zell Miller,3622
COFFEE,U.S. Senate,,Green,Jeff Gates,46
COFFEE,U.S. Senate,,Independent,Winnie Walsh,20
COFFEE,U.S. Senate,,Libertarian,Paul Rober MacGregor,43
COFFEE,U.S. Senate,,Republican,Ben Ballenger,187
COFFEE,U.S. Senate,,Republican,Bobby Wood,38
COFFEE,U.S. Senate,,Republican,Mack Mattingly,2340
COLQUITT,U.S. Senate,,Democrat,Zell Miller,4073
COLQUITT,U.S. Senate,,Green,Jeff Gates,48
COLQUITT,U.S. Senate,,Independent,Winnie Walsh,25
COLQUITT,U.S. Senate,,Libertarian,Paul Rober MacGregor,81
COLQUITT,U.S. Senate,,Republican,Ben Ballenger,186
COLQUITT,U.S. Senate,,Republican,Bobby Wood,34
COLQUITT,U.S. Senate,,Republican,Mack Mattingly,3192
COLUMBIA,U.S. Senate,,Democrat,Zell Miller,15875
COLUMBIA,U.S. Senate,,Green,Jeff Gates,275
COLUMBIA,U.S. Senate,,Independent,Winnie Walsh,145
COLUMBIA,U.S. Senate,,Libertarian,Paul Rober MacGregor,285
COLUMBIA,U.S. Senate,,Republican,Ben Ballenger,254
COLUMBIA,U.S. Senate,,Republican,Bobby Wood,219
COLUMBIA,U.S. Senate,,Republican,Mack Mattingly,18672
COOK,U.S. Senate,,Democrat,Zell Miller,2522
COOK,U.S. Senate,,Green,Jeff Gates,42
COOK,U.S. Senate,,Independent,Winnie Walsh,29
COOK,U.S. Senate,,Libertarian,Paul Rober MacGregor,40
COOK,U.S. Senate,,Republican,Ben Ballenger,27
COOK,U.S. Senate,,Republican,Bobby Wood,16
COOK,U.S. Senate,,Republican,Mack Mattingly,1237
COWETA,U.S. Senate,,Democrat,Zell Miller,14413
COWETA,U.S. Senate,,Green,Jeff Gates,179
COWETA,U.S. Senate,,Independent,Winnie Walsh,82
COWETA,U.S. Senate,,Libertarian,Paul Rober MacGregor,341
COWETA,U.S. Senate,,Republican,Ben Ballenger,125
COWETA,U.S. Senate,,Republican,Bobby Wood,147
COWETA,U.S. Senate,,Republican,Mack Mattingly,15286
CRAWFORD,U.S. Senate,,Democrat,Zell Miller,1321
CRAWFORD,U.S. Senate,,Green,Jeff Gates,20
CRAWFORD,U.S. Senate,,Independent,Winnie Walsh,12
CRAWFORD,U.S. Senate,,Libertarian,Paul Rober MacGregor,29
CRAWFORD,U.S. Senate,,Republican,Ben Ballenger,74
CRAWFORD,U.S. Senate,,Republican,Bobby Wood,15
CRAWFORD,U.S. Senate,,Republican,Mack Mattingly,970
CRISP,U.S. Senate,,Democrat,Zell Miller,2718
CRISP,U.S. Senate,,Green,Jeff Gates,21
CRISP,U.S. Senate,,Independent,Winnie Walsh,18
CRISP,U.S. Senate,,Libertarian,Paul Rober MacGregor,49
CRISP,U.S. Senate,,Republican,Ben Ballenger,53
CRISP,U.S. Senate,,Republican,Bobby Wood,26
CRISP,U.S. Senate,,Republican,Mack Mattingly,1937
DADE,U.S. Senate,,Democrat,Zell Miller,1792
DADE,U.S. Senate,,Green,Jeff Gates,45
DADE,U.S. Senate,,Independent,Winnie Walsh,15
DADE,U.S. Senate,,Libertarian,Paul Rober MacGregor,25
DADE,U.S. Senate,,Republican,Ben Ballenger,232
DADE,U.S. Senate,,Republican,Bobby Wood,68
DADE,U.S. Senate,,Republican,Mack Mattingly,1015
DAWSON,U.S. Senate,,Democrat,Zell Miller,2858
DAWSON,U.S. Senate,,Green,Jeff Gates,36
DAWSON,U.S. Senate,,Independent,Winnie Walsh,29
DAWSON,U.S. Senate,,Libertarian,Paul Rober MacGregor,60
DAWSON,U.S. Senate,,Republican,Ben Ballenger,33
DAWSON,U.S. Senate,,Republican,Bobby Wood,41
DAWSON,U.S. Senate,,Republican,Mack Mattingly,2772
DECATUR,U.S. Senate,,Democrat,Zell Miller,3006
DECATUR,U.S. Senate,,Green,Jeff Gates,61
DECATUR,U.S. Senate,,Independent,Winnie Walsh,20
DECATUR,U.S. Senate,,Libertarian,Paul Rober MacGregor,62
DECATUR,U.S. Senate,,Republican,Ben Ballenger,224
DECATUR,U.S. Senate,,Republican,Bobby Wood,34
DECATUR,U.S. Senate,,Republican,Mack Mattingly,1611
DEKALB,U.S. Senate,,Democrat,Zell Miller,161017
DEKALB,U.S. Senate,,Green,Jeff Gates,2447
DEKALB,U.S. Senate,,Independent,Winnie Walsh,1607
DEKALB,U.S. Senate,,Libertarian,Paul Rober MacGregor,2403
DEKALB,U.S. Senate,,Republican,Ben Ballenger,1724
DEKALB,U.S. Senate,,Republican,Bobby Wood,855
DEKALB,U.S. Senate,,Republican,Mack Mattingly,47045
DODGE,U.S. Senate,,Democrat,Zell Miller,2085
DODGE,U.S. Senate,,Green,Jeff Gates,41
DODGE,U.S. Senate,,Independent,Winnie Walsh,31
DODGE,U.S. Senate,,Libertarian,Paul Rober MacGregor,49
DODGE,U.S. Senate,,Republican,Ben Ballenger,117
DODGE,U.S. Senate,,Republican,Bobby Wood,26
DODGE,U.S. Senate,,Republican,Mack Mattingly,1692
DOOLY,U.S. Senate,,Democrat,Zell Miller,1756
DOOLY,U.S. Senate,,Green,Jeff Gates,18
DOOLY,U.S. Senate,,Independent,Winnie Walsh,9
DOOLY,U.S. Senate,,Libertarian,Paul Rober MacGregor,21
DOOLY,U.S. Senate,,Republican,Ben Ballenger,30
DOOLY,U.S. Senate,,Republican,Bobby Wood,18
DOOLY,U.S. Senate,,Republican,Mack Mattingly,989
DOUGHERTY,U.S. Senate,,Democrat,Zell Miller,19610
DOUGHERTY,U.S. Senate,,Green,Jeff Gates,193
DOUGHERTY,U.S. Senate,,Independent,Winnie Walsh,90
DOUGHERTY,U.S. Senate,,Libertarian,Paul Rober MacGregor,150
DOUGHERTY,U.S. Senate,,Republican,Ben Ballenger,97
DOUGHERTY,U.S. Senate,,Republican,Bobby Wood,55
DOUGHERTY,U.S. Senate,,Republican,Mack Mattingly,8696
DOUGLAS,U.S. Senate,,Democrat,Zell Miller,17089
DOUGLAS,U.S. Senate,,Green,Jeff Gates,223
DOUGLAS,U.S. Senate,,Independent,Winnie Walsh,129
DOUGLAS,U.S. Senate,,Libertarian,Paul Rober MacGregor,297
DOUGLAS,U.S. Senate,,Republican,Ben Ballenger,151
DOUGLAS,U.S. Senate,,Republican,Bobby Wood,138
DOUGLAS,U.S. Senate,,Republican,Mack Mattingly,12565
EARLY,U.S. Senate,,Democrat,Zell Miller,2359
EARLY,U.S. Senate,,Green,Jeff Gates,46
EARLY,U.S. Senate,,Independent,Winnie Walsh,17
EARLY,U.S. Senate,,Libertarian,Paul Rober MacGregor,26
EARLY,U.S. Senate,,Republican,Ben Ballenger,25
EARLY,U.S. Senate,,Republican,Bobby Wood,31
EARLY,U.S. Senate,,Republican,Mack Mattingly,885
ECHOLS,U.S. Senate,,Democrat,Zell Miller,363
ECHOLS,U.S. Senate,,Green,Jeff Gates,5
ECHOLS,U.S. Senate,,Independent,Winnie Walsh,0
ECHOLS,U.S. Senate,,Libertarian,Paul Rober MacGregor,12
ECHOLS,U.S. Senate,,Republican,Ben Ballenger,28
ECHOLS,U.S. Senate,,Republican,Bobby Wood,5
ECHOLS,U.S. Senate,,Republican,Mack Mattingly,173
EFFINGHAM,U.S. Senate,,Democrat,Zell Miller,4606
EFFINGHAM,U.S. Senate,,Green,Jeff Gates,59
EFFINGHAM,U.S. Senate,,Independent,Winnie Walsh,28
EFFINGHAM,U.S. Senate,,Libertarian,Paul Rober MacGregor,80
EFFINGHAM,U.S. Senate,,Republican,Ben Ballenger,153
EFFINGHAM,U.S. Senate,,Republican,Bobby Wood,31
EFFINGHAM,U.S. Senate,,Republican,Mack Mattingly,4431
ELBERT,U.S. Senate,,Democrat,Zell Miller,3928
ELBERT,U.S. Senate,,Green,Jeff Gates,71
ELBERT,U.S. Senate,,Independent,Winnie Walsh,31
ELBERT,U.S. Senate,,Libertarian,Paul Rober MacGregor,50
ELBERT,U.S. Senate,,Republican,Ben Ballenger,70
ELBERT,U.S. Senate,,Republican,Bobby Wood,78
ELBERT,U.S. Senate,,Republican,Mack Mattingly,1732
EMANUEL,U.S. Senate,,Democrat,Zell Miller,2549
EMANUEL,U.S. Senate,,Green,Jeff Gates,31
EMANUEL,U.S. Senate,,Independent,Winnie Walsh,16
EMANUEL,U.S. Senate,,Libertarian,Paul Rober MacGregor,21
EMANUEL,U.S. Senate,,Republican,Ben Ballenger,93
EMANUEL,U.S. Senate,,Republican,Bobby Wood,24
EMANUEL,U.S. Senate,,Republican,Mack Mattingly,1484
EVANS,U.S. Senate,,Democrat,Zell Miller,1419
EVANS,U.S. Senate,,Green,Jeff Gates,15
EVANS,U.S. Senate,,Independent,Winnie Walsh,5
EVANS,U.S. Senate,,Libertarian,Paul Rober MacGregor,25
EVANS,U.S. Senate,,Republican,Ben Ballenger,49
EVANS,U.S. Senate,,Republican,Bobby Wood,10
EVANS,U.S. Senate,,Republican,Mack Mattingly,979
FANNIN,U.S. Senate,,Democrat,Zell Miller,4679
FANNIN,U.S. Senate,,Green,Jeff Gates,92
FANNIN,U.S. Senate,,Independent,Winnie Walsh,34
FANNIN,U.S. Senate,,Libertarian,Paul Rober MacGregor,74
FANNIN,U.S. Senate,,Republican,Ben Ballenger,76
FANNIN,U.S. Senate,,Republican,Bobby Wood,80
FANNIN,U.S. Senate,,Republican,Mack Mattingly,2818
FAYETTE,U.S. Senate,,Democrat,Zell Miller,19517
FAYETTE,U.S. Senate,,Green,Jeff Gates,234
FAYETTE,U.S. Senate,,Independent,Winnie Walsh,134
FAYETTE,U.S. Senate,,Libertarian,Paul Rober MacGregor,458
FAYETTE,U.S. Senate,,Republican,Ben Ballenger,186
FAYETTE,U.S. Senate,,Republican,Bobby Wood,126
FAYETTE,U.S. Senate,,Republican,Mack Mattingly,20179
FLOYD,U.S. Senate,,Democrat,Zell Miller,15946
FLOYD,U.S. Senate,,Green,Jeff Gates,187
FLOYD,U.S. Senate,,Independent,Winnie Walsh,73
FLOYD,U.S. Senate,,Libertarian,Paul Rober MacGregor,190
FLOYD,U.S. Senate,,Republican,Ben Ballenger,241
FLOYD,U.S. Senate,,Republican,Bobby Wood,106
FLOYD,U.S. Senate,,Republican,Mack Mattingly,9716
FORSYTH,U.S. Senate,,Democrat,Zell Miller,14326
FORSYTH,U.S. Senate,,Green,Jeff Gates,269
FORSYTH,U.S. Senate,,Independent,Winnie Walsh,106
FORSYTH,U.S. Senate,,Libertarian,Paul Rober MacGregor,678
FORSYTH,U.S. Senate,,Republican,Ben Ballenger,198
FORSYTH,U.S. Senate,,Republican,Bobby Wood,161
FORSYTH,U.S. Senate,,Republican,Mack Mattingly,19780
FRANKLIN,U.S. Senate,,Democrat,Zell Miller,3311
FRANKLIN,U.S. Senate,,Green,Jeff Gates,76
FRANKLIN,U.S. Senate,,Independent,Winnie Walsh,40
FRANKLIN,U.S. Senate,,Libertarian,Paul Rober MacGregor,52
FRANKLIN,U.S. Senate,,Republican,Ben Ballenger,75
FRANKLIN,U.S. Senate,,Republican,Bobby Wood,65
FRANKLIN,U.S. Senate,,Republican,Mack Mattingly,1916
FULTON,U.S. Senate,,Democrat,Zell Miller,169886
FULTON,U.S. Senate,,Green,Jeff Gates,2355
FULTON,U.S. Senate,,Independent,Winnie Walsh,1764
FULTON,U.S. Senate,,Libertarian,Paul Rober MacGregor,2946
FULTON,U.S. Senate,,Republican,Ben Ballenger,1746
FULTON,U.S. Senate,,Republican,Bobby Wood,992
FULTON,U.S. Senate,,Republican,Mack Mattingly,79155
GILMER,U.S. Senate,,Democrat,Zell Miller,4062
GILMER,U.S. Senate,,Green,Jeff Gates,41
GILMER,U.S. Senate,,Independent,Winnie Walsh,20
GILMER,U.S. Senate,,Libertarian,Paul Rober MacGregor,45
GILMER,U.S. Senate,,Republican,Ben Ballenger,47
GILMER,U.S. Senate,,Republican,Bobby Wood,38
GILMER,U.S. Senate,,Republican,Mack Mattingly,2945
GLASCOCK,U.S. Senate,,Democrat,Zell Miller,467
GLASCOCK,U.S. Senate,,Green,Jeff Gates,12
GLASCOCK,U.S. Senate,,Independent,Winnie Walsh,1
GLASCOCK,U.S. Senate,,Libertarian,Paul Rober MacGregor,13
GLASCOCK,U.S. Senate,,Republican,Ben Ballenger,18
GLASCOCK,U.S. Senate,,Republican,Bobby Wood,7
GLASCOCK,U.S. Senate,,Republican,Mack Mattingly,385
GLYNN,U.S. Senate,,Democrat,Zell Miller,9231
GLYNN,U.S. Senate,,Green,Jeff Gates,229
GLYNN,U.S. Senate,,Independent,Winnie Walsh,107
GLYNN,U.S. Senate,,Libertarian,Paul Rober MacGregor,179
GLYNN,U.S. Senate,,Republican,Ben Ballenger,131
GLYNN,U.S. Senate,,Republican,Bobby Wood,85
GLYNN,U.S. Senate,,Republican,Mack Mattingly,10814
GORDON,U.S. Senate,,Democrat,Zell Miller,6256
GORDON,U.S. Senate,,Green,Jeff Gates,114
GORDON,U.S. Senate,,Independent,Winnie Walsh,44
GORDON,U.S. Senate,,Libertarian,Paul Rober MacGregor,69
GORDON,U.S. Senate,,Republican,Ben Ballenger,197
GORDON,U.S. Senate,,Republican,Bobby Wood,72
GORDON,U.S. Senate,,Republican,Mack Mattingly,3703
GRADY,U.S. Senate,,Democrat,Zell Miller,2758
GRADY,U.S. Senate,,Green,Jeff Gates,52
GRADY,U.S. Senate,,Independent,Winnie Walsh,16
GRADY,U.S. Senate,,Libertarian,Paul Rober MacGregor,34
GRADY,U.S. Senate,,Republican,Ben Ballenger,252
GRADY,U.S. Senate,,Republican,Bobby Wood,21
GRADY,U.S. Senate,,Republican,Mack Mattingly,1267
GREENE,U.S. Senate,,Democrat,Zell Miller,3111
GREENE,U.S. Senate,,Green,Jeff Gates,37
GREENE,U.S. Senate,,Independent,Winnie Walsh,11
GREENE,U.S. Senate,,Libertarian,Paul Rober MacGregor,36
GREENE,U.S. Senate,,Republican,Ben Ballenger,19
GREENE,U.S. Senate,,Republican,Bobby Wood,19
GREENE,U.S. Senate,,Republican,Mack Mattingly,1996
GWINNETT,U.S. Senate,,Democrat,Zell Miller,90345
GWINNETT,U.S. Senate,,Green,Jeff Gates,1403
GWINNETT,U.S. Senate,,Independent,Winnie Walsh,883
GWINNETT,U.S. Senate,,Libertarian,Paul Rober MacGregor,3065
GWINNETT,U.S. Senate,,Republican,Ben Ballenger,870
GWINNETT,U.S. Senate,,Republican,Bobby Wood,1634
GWINNETT,U.S. Senate,,Republican,Mack Mattingly,83939
HABERSHAM,U.S. Senate,,Democrat,Zell Miller,3734
HABERSHAM,U.S. Senate,,Green,Jeff Gates,71
HABERSHAM,U.S. Senate,,Independent,Winnie Walsh,23
HABERSHAM,U.S. Senate,,Libertarian,Paul Rober MacGregor,52
HABERSHAM,U.S. Senate,,Republican,Ben Ballenger,291
HABERSHAM,U.S. Senate,,Republican,Bobby Wood,65
HABERSHAM,U.S. Senate,,Republican,Mack Mattingly,3382
HALL,U.S. Senate,,Democrat,Zell Miller,18398
HALL,U.S. Senate,,Green,Jeff Gates,290
HALL,U.S. Senate,,Independent,Winnie Walsh,107
HALL,U.S. Senate,,Libertarian,Paul Rober MacGregor,436
HALL,U.S. Senate,,Republican,Ben Ballenger,190
HALL,U.S. Senate,,Republican,Bobby Wood,255
HALL,U.S. Senate,,Republican,Mack Mattingly,16840
HANCOCK,U.S. Senate,,Democrat,Zell Miller,1400
HANCOCK,U.S. Senate,,Green,Jeff Gates,30
HANCOCK,U.S. Senate,,Independent,Winnie Walsh,10
HANCOCK,U.S. Senate,,Libertarian,Paul Rober MacGregor,19
HANCOCK,U.S. Senate,,Republican,Ben Ballenger,48
HANCOCK,U.S. Senate,,Republican,Bobby Wood,16
HANCOCK,U.S. Senate,,Republican,Mack Mattingly,373
HARALSON,U.S. Senate,,Democrat,Zell Miller,4841
HARALSON,U.S. Senate,,Green,Jeff Gates,65
HARALSON,U.S. Senate,,Independent,Winnie Walsh,20
HARALSON,U.S. Senate,,Libertarian,Paul Rober MacGregor,53
HARALSON,U.S. Senate,,Republican,Ben Ballenger,49
HARALSON,U.S. Senate,,Republican,Bobby Wood,36
HARALSON,U.S. Senate,,Republican,Mack Mattingly,3144
HARRIS,U.S. Senate,,Democrat,Zell Miller,3232
HARRIS,U.S. Senate,,Green,Jeff Gates,45
HARRIS,U.S. Senate,,Independent,Winnie Walsh,20
HARRIS,U.S. Senate,,Libertarian,Paul Rober MacGregor,58
HARRIS,U.S. Senate,,Republican,Ben Ballenger,302
HARRIS,U.S. Senate,,Republican,Bobby Wood,26
HARRIS,U.S. Senate,,Republican,Mack Mattingly,2713
HART,U.S. Senate,,Democrat,Zell Miller,2631
HART,U.S. Senate,,Green,Jeff Gates,62
HART,U.S. Senate,,Independent,Winnie Walsh,42
HART,U.S. Senate,,Libertarian,Paul Rober MacGregor,87
HART,U.S. Senate,,Republican,Ben Ballenger,280
HART,U.S. Senate,,Republican,Bobby Wood,79
HART,U.S. Senate,,Republican,Mack Mattingly,1810
HEARD,U.S. Senate,,Democrat,Zell Miller,2025
HEARD,U.S. Senate,,Green,Jeff Gates,31
HEARD,U.S. Senate,,Independent,Winnie Walsh,12
HEARD,U.S. Senate,,Libertarian,Paul Rober MacGregor,29
HEARD,U.S. Senate,,Republican,Ben Ballenger,35
HEARD,U.S. Senate,,Republican,Bobby Wood,28
HEARD,U.S. Senate,,Republican,Mack Mattingly,1055
HENRY,U.S. Senate,,Democrat,Zell Miller,18885
HENRY,U.S. Senate,,Green,Jeff Gates,256
HENRY,U.S. Senate,,Independent,Winnie Walsh,246
HENRY,U.S. Senate,,Libertarian,Paul Rober MacGregor,486
HENRY,U.S. Senate,,Republican,Ben Ballenger,247
HENRY,U.S. Senate,,Republican,Bobby Wood,190
HENRY,U.S. Senate,,Republican,Mack Mattingly,18166
HOUSTON,U.S. Senate,,Democrat,Zell Miller,20197
HOUSTON,U.S. Senate,,Green,Jeff Gates,282
HOUSTON,U.S. Senate,,Independent,Winnie Walsh,168
HOUSTON,U.S. Senate,,Libertarian,Paul Rober MacGregor,302
HOUSTON,U.S. Senate,,Republican,Ben Ballenger,177
HOUSTON,U.S. Senate,,Republican,Bobby Wood,133
HOUSTON,U.S. Senate,,Republican,Mack Mattingly,15189
IRWIN,U.S. Senate,,Democrat,Zell Miller,1408
IRWIN,U.S. Senate,,Green,Jeff Gates,17
IRWIN,U.S. Senate,,Independent,Winnie Walsh,3
IRWIN,U.S. Senate,,Libertarian,Paul Rober MacGregor,25
IRWIN,U.S. Senate,,Republican,Ben Ballenger,26
IRWIN,U.S. Senate,,Republican,Bobby Wood,12
IRWIN,U.S. Senate,,Republican,Mack Mattingly,944
JACKSON,U.S. Senate,,Democrat,Zell Miller,6067
JACKSON,U.S. Senate,,Green,Jeff Gates,67
JACKSON,U.S. Senate,,Independent,Winnie Walsh,25
JACKSON,U.S. Senate,,Libertarian,Paul Rober MacGregor,99
JACKSON,U.S. Senate,,Republican,Ben Ballenger,45
JACKSON,U.S. Senate,,Republican,Bobby Wood,94
JACKSON,U.S. Senate,,Republican,Mack Mattingly,4922
JASPER,U.S. Senate,,Democrat,Zell Miller,1683
JASPER,U.S. Senate,,Green,Jeff Gates,17
JASPER,U.S. Senate,,Independent,Winnie Walsh,39
JASPER,U.S. Senate,,Libertarian,Paul Rober MacGregor,23
JASPER,U.S. Senate,,Republican,Ben Ballenger,80
JASPER,U.S. Senate,,Republican,Bobby Wood,19
JASPER,U.S. Senate,,Republican,Mack Mattingly,1214
JEFF DAVIS,U.S. Senate,,Democrat,Zell Miller,1741
JEFF DAVIS,U.S. Senate,,Green,Jeff Gates,30
JEFF DAVIS,U.S. Senate,,Independent,Winnie Walsh,12
JEFF DAVIS,U.S. Senate,,Libertarian,Paul Rober MacGregor,22
JEFF DAVIS,U.S. Senate,,Republican,Ben Ballenger,117
JEFF DAVIS,U.S. Senate,,Republican,Bobby Wood,20
JEFF DAVIS,U.S. Senate,,Republican,Mack Mattingly,1143
JEFFERSON,U.S. Senate,,Democrat,Zell Miller,2102
JEFFERSON,U.S. Senate,,Green,Jeff Gates,28
JEFFERSON,U.S. Senate,,Independent,Winnie Walsh,5
JEFFERSON,U.S. Senate,,Libertarian,Paul Rober MacGregor,24
JEFFERSON,U.S. Senate,,Republican,Ben Ballenger,76
JEFFERSON,U.S. Senate,,Republican,Bobby Wood,16
JEFFERSON,U.S. Senate,,Republican,Mack Mattingly,1519
JENKINS,U.S. Senate,,Democrat,Zell Miller,1153
JENKINS,U.S. Senate,,Green,Jeff Gates,20
JENKINS,U.S. Senate,,Independent,Winnie Walsh,17
JENKINS,U.S. Senate,,Libertarian,Paul Rober MacGregor,24
JENKINS,U.S. Senate,,Republican,Ben Ballenger,46
JENKINS,U.S. Senate,,Republican,Bobby Wood,14
JENKINS,U.S. Senate,,Republican,Mack Mattingly,680
JOHNSON,U.S. Senate,,Democrat,Zell Miller,908
JOHNSON,U.S. Senate,,Green,Jeff Gates,23
JOHNSON,U.S. Senate,,Independent,Winnie Walsh,3
JOHNSON,U.S. Senate,,Libertarian,Paul Rober MacGregor,31
JOHNSON,U.S. Senate,,Republican,Ben Ballenger,55
JOHNSON,U.S. Senate,,Republican,Bobby Wood,11
JOHNSON,U.S. Senate,,Republican,Mack Mattingly,853
JONES,U.S. Senate,,Democrat,Zell Miller,4255
JONES,U.S. Senate,,Green,Jeff Gates,74
JONES,U.S. Senate,,Independent,Winnie Walsh,30
JONES,U.S. Senate,,Libertarian,Paul Rober MacGregor,68
JONES,U.S. Senate,,Republican,Ben Ballenger,29
JONES,U.S. Senate,,Republican,Bobby Wood,30
JONES,U.S. Senate,,Republican,Mack Mattingly,3285
LAMAR,U.S. Senate,,Democrat,Zell Miller,3143
LAMAR,U.S. Senate,,Green,Jeff Gates,29
LAMAR,U.S. Senate,,Independent,Winnie Walsh,17
LAMAR,U.S. Senate,,Libertarian,Paul Rober MacGregor,39
LAMAR,U.S. Senate,,Republican,Ben Ballenger,21
LAMAR,U.S. Senate,,Republican,Bobby Wood,19
LAMAR,U.S. Senate,,Republican,Mack Mattingly,1947
LANIER,U.S. Senate,,Democrat,Zell Miller,988
LANIER,U.S. Senate,,Green,Jeff Gates,20
LANIER,U.S. Senate,,Independent,Winnie Walsh,7
LANIER,U.S. Senate,,Libertarian,Paul Rober MacGregor,22
LANIER,U.S. Senate,,Republican,Ben Ballenger,56
LANIER,U.S. Senate,,Republican,Bobby Wood,20
LANIER,U.S. Senate,,Republican,Mack Mattingly,317
LAURENS,U.S. Senate,,Democrat,Zell Miller,5327
LAURENS,U.S. Senate,,Green,Jeff Gates,65
LAURENS,U.S. Senate,,Independent,Winnie Walsh,39
LAURENS,U.S. Senate,,Libertarian,Paul Rober MacGregor,60
LAURENS,U.S. Senate,,Republican,Ben Ballenger,332
LAURENS,U.S. Senate,,Republican,Bobby Wood,64
LAURENS,U.S. Senate,,Republican,Mack Mattingly,3396
LEE,U.S. Senate,,Democrat,Zell Miller,3754
LEE,U.S. Senate,,Green,Jeff Gates,58
LEE,U.S. Senate,,Independent,Winnie Walsh,63
LEE,U.S. Senate,,Libertarian,Paul Rober MacGregor,63
LEE,U.S. Senate,,Republican,Ben Ballenger,33
LEE,U.S. Senate,,Republican,Bobby Wood,34
LEE,U.S. Senate,,Republican,Mack Mattingly,3846
LIBERTY,U.S. Senate,,Democrat,Zell Miller,3758
LIBERTY,U.S. Senate,,Green,Jeff Gates,40
LIBERTY,U.S. Senate,,Independent,Winnie Walsh,26
LIBERTY,U.S. Senate,,Libertarian,Paul Rober MacGregor,28
LIBERTY,U.S. Senate,,Republican,Ben Ballenger,91
LIBERTY,U.S. Senate,,Republican,Bobby Wood,30
LIBERTY,U.S. Senate,,Republican,Mack Mattingly,1754
LINCOLN,U.S. Senate,,Democrat,Zell Miller,1868
LINCOLN,U.S. Senate,,Green,Jeff Gates,23
LINCOLN,U.S. Senate,,Independent,Winnie Walsh,14
LINCOLN,U.S. Senate,,Libertarian,Paul Rober MacGregor,15
LINCOLN,U.S. Senate,,Republican,Ben Ballenger,23
LINCOLN,U.S. Senate,,Republican,Bobby Wood,18
LINCOLN,U.S. Senate,,Republican,Mack Mattingly,1118
LONG,U.S. Senate,,Democrat,Zell Miller,1013
LONG,U.S. Senate,,Green,Jeff Gates,31
LONG,U.S. Senate,,Independent,Winnie Walsh,5
LONG,U.S. Senate,,Libertarian,Paul Rober MacGregor,29
LONG,U.S. Senate,,Republican,Ben Ballenger,56
LONG,U.S. Senate,,Republican,Bobby Wood,11
LONG,U.S. Senate,,Republican,Mack Mattingly,687
LOWNDES,U.S. Senate,,Democrat,Zell Miller,15344
LOWNDES,U.S. Senate,,Green,Jeff Gates,281
LOWNDES,U.S. Senate,,Independent,Winnie Walsh,149
LOWNDES,U.S. Senate,,Libertarian,Paul Rober MacGregor,270
LOWNDES,U.S. Senate,,Republican,Ben Ballenger,174
LOWNDES,U.S. Senate,,Republican,Bobby Wood,113
LOWNDES,U.S. Senate,,Republican,Mack Mattingly,8138
LUMPKIN,U.S. Senate,,Democrat,Zell Miller,4012
LUMPKIN,U.S. Senate,,Green,Jeff Gates,40
LUMPKIN,U.S. Senate,,Independent,Winnie Walsh,28
LUMPKIN,U.S. Senate,,Libertarian,Paul Rober MacGregor,64
LUMPKIN,U.S. Senate,,Republican,Ben Ballenger,26
LUMPKIN,U.S. Senate,,Republican,Bobby Wood,29
LUMPKIN,U.S. Senate,,Republican,Mack Mattingly,2476
MACON,U.S. Senate,,Democrat,Zell Miller,2177
MACON,U.S. Senate,,Green,Jeff Gates,25
MACON,U.S. Senate,,Independent,Winnie Walsh,10
MACON,U.S. Senate,,Libertarian,Paul Rober MacGregor,25
MACON,U.S. Senate,,Republican,Ben Ballenger,83
MACON,U.S. Senate,,Republican,Bobby Wood,10
MACON,U.S. Senate,,Republican,Mack Mattingly,808
MADISON,U.S. Senate,,Democrat,Zell Miller,2981
MADISON,U.S. Senate,,Green,Jeff Gates,65
MADISON,U.S. Senate,,Independent,Winnie Walsh,29
MADISON,U.S. Senate,,Libertarian,Paul Rober MacGregor,57
MADISON,U.S. Senate,,Republican,Ben Ballenger,239
MADISON,U.S. Senate,,Republican,Bobby Wood,65
MADISON,U.S. Senate,,Republican,Mack Mattingly,2611
MARION,U.S. Senate,,Democrat,Zell Miller,1449
MARION,U.S. Senate,,Green,Jeff Gates,33
MARION,U.S. Senate,,Independent,Winnie Walsh,11
MARION,U.S. Senate,,Libertarian,Paul Rober MacGregor,26
MARION,U.S. Senate,,Republican,Ben Ballenger,33
MARION,U.S. Senate,,Republican,Bobby Wood,14
MARION,U.S. Senate,,Republican,Mack Mattingly,614
MCDUFFIE,U.S. Senate,,Democrat,Zell Miller,3674
MCDUFFIE,U.S. Senate,,Green,Jeff Gates,36
MCDUFFIE,U.S. Senate,,Independent,Winnie Walsh,25
MCDUFFIE,U.S. Senate,,Libertarian,Paul Rober MacGregor,36
MCDUFFIE,U.S. Senate,,Republican,Ben Ballenger,37
MCDUFFIE,U.S. Senate,,Republican,Bobby Wood,45
MCDUFFIE,U.S. Senate,,Republican,Mack Mattingly,2680
MCINTOSH,U.S. Senate,,Democrat,Zell Miller,1742
MCINTOSH,U.S. Senate,,Green,Jeff Gates,17
MCINTOSH,U.S. Senate,,Independent,Winnie Walsh,4
MCINTOSH,U.S. Senate,,Libertarian,Paul Rober MacGregor,22
MCINTOSH,U.S. Senate,,Republican,Ben Ballenger,88
MCINTOSH,U.S. Senate,,Republican,Bobby Wood,17
MCINTOSH,U.S. Senate,,Republican,Mack Mattingly,863
MERIWETHER,U.S. Senate,,Democrat,Zell Miller,4483
MERIWETHER,U.S. Senate,,Green,Jeff Gates,42
MERIWETHER,U.S. Senate,,Independent,Winnie Walsh,17
MERIWETHER,U.S. Senate,,Libertarian,Paul Rober MacGregor,41
MERIWETHER,U.S. Senate,,Republican,Ben Ballenger,35
MERIWETHER,U.S. Senate,,Republican,Bobby Wood,26
MERIWETHER,U.S. Senate,,Republican,Mack Mattingly,2077
MILLER,U.S. Senate,,Democrat,Zell Miller,847
MILLER,U.S. Senate,,Green,Jeff Gates,13
MILLER,U.S. Senate,,Independent,Winnie Walsh,4
MILLER,U.S. Senate,,Libertarian,Paul Rober MacGregor,15
MILLER,U.S. Senate,,Republican,Ben Ballenger,55
MILLER,U.S. Senate,,Republican,Bobby Wood,16
MILLER,U.S. Senate,,Republican,Mack Mattingly,498
MITCHELL,U.S. Senate,,Democrat,Zell Miller,4142
MITCHELL,U.S. Senate,,Green,Jeff Gates,42
MITCHELL,U.S. Senate,,Independent,Winnie Walsh,19
MITCHELL,U.S. Senate,,Libertarian,Paul Rober MacGregor,32
MITCHELL,U.S. Senate,,Republican,Ben Ballenger,29
MITCHELL,U.S. Senate,,Republican,Bobby Wood,13
MITCHELL,U.S. Senate,,Republican,Mack Mattingly,1692
MONROE,U.S. Senate,,Democrat,Zell Miller,4045
MONROE,U.S. Senate,,Green,Jeff Gates,41
MONROE,U.S. Senate,,Independent,Winnie Walsh,12
MONROE,U.S. Senate,,Libertarian,Paul Rober MacGregor,68
MONROE,U.S. Senate,,Republican,Ben Ballenger,31
MONROE,U.S. Senate,,Republican,Bobby Wood,25
MONROE,U.S. Senate,,Republican,Mack Mattingly,3204
MONTGOMERY,U.S. Senate,,Democrat,Zell Miller,1221
MONTGOMERY,U.S. Senate,,Green,Jeff Gates,8
MONTGOMERY,U.S. Senate,,Independent,Winnie Walsh,8
MONTGOMERY,U.S. Senate,,Libertarian,Paul Rober MacGregor,23
MONTGOMERY,U.S. Senate,,Republican,Ben Ballenger,8
MONTGOMERY,U.S. Senate,,Republican,Bobby Wood,10
MONTGOMERY,U.S. Senate,,Republican,Mack Mattingly,947
MORGAN,U.S. Senate,,Democrat,Zell Miller,3282
MORGAN,U.S. Senate,,Green,Jeff Gates,43
MORGAN,U.S. Senate,,Independent,Winnie Walsh,9
MORGAN,U.S. Senate,,Libertarian,Paul Rober MacGregor,48
MORGAN,U.S. Senate,,Republican,Ben Ballenger,19
MORGAN,U.S. Senate,,Republican,Bobby Wood,26
MORGAN,U.S. Senate,,Republican,Mack Mattingly,2411
MURRAY,U.S. Senate,,Democrat,Zell Miller,4821
MURRAY,U.S. Senate,,Green,Jeff Gates,129
MURRAY,U.S. Senate,,Independent,Winnie Walsh,42
MURRAY,U.S. Senate,,Libertarian,Paul Rober MacGregor,111
MURRAY,U.S. Senate,,Republican,Ben Ballenger,73
MURRAY,U.S. Senate,,Republican,Bobby Wood,83
MURRAY,U.S. Senate,,Republican,Mack Mattingly,2805
MUSCOGEE,U.S. Senate,,Democrat,Zell Miller,32700
MUSCOGEE,U.S. Senate,,Green,Jeff Gates,394
MUSCOGEE,U.S. Senate,,Independent,Winnie Walsh,276
MUSCOGEE,U.S. Senate,,Libertarian,Paul Rober MacGregor,296
MUSCOGEE,U.S. Senate,,Republican,Ben Ballenger,271
MUSCOGEE,U.S. Senate,,Republican,Bobby Wood,109
MUSCOGEE,U.S. Senate,,Republican,Mack Mattingly,16032
NEWTON,U.S. Senate,,Democrat,Zell Miller,10170
NEWTON,U.S. Senate,,Green,Jeff Gates,163
NEWTON,U.S. Senate,,Independent,Winnie Walsh,106
NEWTON,U.S. Senate,,Libertarian,Paul Rober MacGregor,214
NEWTON,U.S. Senate,,Republican,Ben Ballenger,152
NEWTON,U.S. Senate,,Republican,Bobby Wood,130
NEWTON,U.S. Senate,,Republican,Mack Mattingly,7588
OCONEE,U.S. Senate,,Democrat,Zell Miller,5621
OCONEE,U.S. Senate,,Green,Jeff Gates,105
OCONEE,U.S. Senate,,Independent,Winnie Walsh,27
OCONEE,U.S. Senate,,Libertarian,Paul Rober MacGregor,92
OCONEE,U.S. Senate,,Republican,Ben Ballenger,39
OCONEE,U.S. Senate,,Republican,Bobby Wood,53
OCONEE,U.S. Senate,,Republican,Mack Mattingly,5068
OGLETHORPE,U.S. Senate,,Democrat,Zell Miller,2544
OGLETHORPE,U.S. Senate,,Green,Jeff Gates,69
OGLETHORPE,U.S. Senate,,Independent,Winnie Walsh,16
OGLETHORPE,U.S. Senate,,Libertarian,Paul Rober MacGregor,48
OGLETHORPE,U.S. Senate,,Republican,Ben Ballenger,20
OGLETHORPE,U.S. Senate,,Republican,Bobby Wood,41
OGLETHORPE,U.S. Senate,,Republican,Mack Mattingly,1565
PAULDING,U.S. Senate,,Democrat,Zell Miller,12038
PAULDING,U.S. Senate,,Green,Jeff Gates,193
PAULDING,U.S. Senate,,Independent,Winnie Walsh,91
PAULDING,U.S. Senate,,Libertarian,Paul Rober MacGregor,300
PAULDING,U.S. Senate,,Republican,Ben Ballenger,194
PAULDING,U.S. Senate,,Republican,Bobby Wood,113
PAULDING,U.S. Senate,,Republican,Mack Mattingly,11116
PEACH,U.S. Senate,,Democrat,Zell Miller,2886
PEACH,U.S. Senate,,Green,Jeff Gates,44
PEACH,U.S. Senate,,Independent,Winnie Walsh,21
PEACH,U.S. Senate,,Libertarian,Paul Rober MacGregor,48
PEACH,U.S. Senate,,Republican,Ben Ballenger,174
PEACH,U.S. Senate,,Republican,Bobby Wood,22
PEACH,U.S. Senate,,Republican,Mack Mattingly,1880
PICKENS,U.S. Senate,,Democrat,Zell Miller,3725
PICKENS,U.S. Senate,,Green,Jeff Gates,30
PICKENS,U.S. Senate,,Independent,Winnie Walsh,19
PICKENS,U.S. Senate,,Libertarian,Paul Rober MacGregor,65
PICKENS,U.S. Senate,,Republican,Ben Ballenger,215
PICKENS,U.S. Senate,,Republican,Bobby Wood,47
PICKENS,U.S. Senate,,Republican,Mack Mattingly,2909
PIERCE,U.S. Senate,,Democrat,Zell Miller,1418
PIERCE,U.S. Senate,,Green,Jeff Gates,28
PIERCE,U.S. Senate,,Independent,Winnie Walsh,6
PIERCE,U.S. Senate,,Libertarian,Paul Rober MacGregor,65
PIERCE,U.S. Senate,,Republican,Ben Ballenger,140
PIERCE,U.S. Senate,,Republican,Bobby Wood,18
PIERCE,U.S. Senate,,Republican,Mack Mattingly,1480
PIKE,U.S. Senate,,Democrat,Zell Miller,2406
PIKE,U.S. Senate,,Green,Jeff Gates,24
PIKE,U.S. Senate,,Independent,Winnie Walsh,6
PIKE,U.S. Senate,,Libertarian,Paul Rober MacGregor,38
PIKE,U.S. Senate,,Republican,Ben Ballenger,25
PIKE,U.S. Senate,,Republican,Bobby Wood,16
PIKE,U.S. Senate,,Republican,Mack Mattingly,2288
POLK,U.S. Senate,,Democrat,Zell Miller,6396
POLK,U.S. Senate,,Green,Jeff Gates,74
POLK,U.S. Senate,,Independent,Winnie Walsh,24
POLK,U.S. Senate,,Libertarian,Paul Rober MacGregor,60
POLK,U.S. Senate,,Republican,Ben Ballenger,49
POLK,U.S. Senate,,Republican,Bobby Wood,55
POLK,U.S. Senate,,Republican,Mack Mattingly,3551
PULASKI,U.S. Senate,,Democrat,Zell Miller,1518
PULASKI,U.S. Senate,,Green,Jeff Gates,24
PULASKI,U.S. Senate,,Independent,Winnie Walsh,8
PULASKI,U.S. Senate,,Libertarian,Paul Rober MacGregor,20
PULASKI,U.S. Senate,,Republican,Ben Ballenger,47
PULASKI,U.S. Senate,,Republican,Bobby Wood,18
PULASKI,U.S. Senate,,Republican,Mack Mattingly,962
PUTNAM,U.S. Senate,,Democrat,Zell Miller,3365
PUTNAM,U.S. Senate,,Green,Jeff Gates,53
PUTNAM,U.S. Senate,,Independent,Winnie Walsh,18
PUTNAM,U.S. Senate,,Libertarian,Paul Rober MacGregor,44
PUTNAM,U.S. Senate,,Republican,Ben Ballenger,26
PUTNAM,U.S. Senate,,Republican,Bobby Wood,22
PUTNAM,U.S. Senate,,Republican,Mack Mattingly,2428
QUITMAN,U.S. Senate,,Democrat,Zell Miller,334
QUITMAN,U.S. Senate,,Green,Jeff Gates,9
QUITMAN,U.S. Senate,,Independent,Winnie Walsh,1
QUITMAN,U.S. Senate,,Libertarian,Paul Rober MacGregor,5
QUITMAN,U.S. Senate,,Republican,Ben Ballenger,30
QUITMAN,U.S. Senate,,Republican,Bobby Wood,4
QUITMAN,U.S. Senate,,Republican,Mack Mattingly,140
RABUN,U.S. Senate,,Democrat,Zell Miller,2204
RABUN,U.S. Senate,,Green,Jeff Gates,26
RABUN,U.S. Senate,,Independent,Winnie Walsh,25
RABUN,U.S. Senate,,Libertarian,Paul Rober MacGregor,32
RABUN,U.S. Senate,,Republican,Ben Ballenger,133
RABUN,U.S. Senate,,Republican,Bobby Wood,41
RABUN,U.S. Senate,,Republican,Mack Mattingly,1445
RANDOLPH,U.S. Senate,,Democrat,Zell Miller,1719
RANDOLPH,U.S. Senate,,Green,Jeff Gates,16
RANDOLPH,U.S. Senate,,Independent,Winnie Walsh,28
RANDOLPH,U.S. Senate,,Libertarian,Paul Rober MacGregor,15
RANDOLPH,U.S. Senate,,Republican,Ben Ballenger,19
RANDOLPH,U.S. Senate,,Republican,Bobby Wood,10
RANDOLPH,U.S. Senate,,Republican,Mack Mattingly,724
RICHMOND,U.S. Senate,,Democrat,Zell Miller,36270
RICHMOND,U.S. Senate,,Green,Jeff Gates,417
RICHMOND,U.S. Senate,,Independent,Winnie Walsh,306
RICHMOND,U.S. Senate,,Libertarian,Paul Rober MacGregor,314
RICHMOND,U.S. Senate,,Republican,Ben Ballenger,392
RICHMOND,U.S. Senate,,Republican,Bobby Wood,289
RICHMOND,U.S. Senate,,Republican,Mack Mattingly,18801
ROCKDALE,U.S. Senate,,Democrat,Zell Miller,12606
ROCKDALE,U.S. Senate,,Green,Jeff Gates,171
ROCKDALE,U.S. Senate,,Independent,Winnie Walsh,95
ROCKDALE,U.S. Senate,,Libertarian,Paul Rober MacGregor,336
ROCKDALE,U.S. Senate,,Republican,Ben Ballenger,101
ROCKDALE,U.S. Senate,,Republican,Bobby Wood,75
ROCKDALE,U.S. Senate,,Republican,Mack Mattingly,10833
SCHLEY,U.S. Senate,,Democrat,Zell Miller,516
SCHLEY,U.S. Senate,,Green,Jeff Gates,12
SCHLEY,U.S. Senate,,Independent,Winnie Walsh,3
SCHLEY,U.S. Senate,,Libertarian,Paul Rober MacGregor,12
SCHLEY,U.S. Senate,,Republican,Ben Ballenger,26
SCHLEY,U.S. Senate,,Republican,Bobby Wood,5
SCHLEY,U.S. Senate,,Republican,Mack Mattingly,341
SCREVEN,U.S. Senate,,Democrat,Zell Miller,1990
SCREVEN,U.S. Senate,,Green,Jeff Gates,47
SCREVEN,U.S. Senate,,Independent,Winnie Walsh,6
SCREVEN,U.S. Senate,,Libertarian,Paul Rober MacGregor,28
SCREVEN,U.S. Senate,,Republican,Ben Ballenger,65
SCREVEN,U.S. Senate,,Republican,Bobby Wood,18
SCREVEN,U.S. Senate,,Republican,Mack Mattingly,1200
SEMINOLE,U.S. Senate,,Democrat,Zell Miller,1931
SEMINOLE,U.S. Senate,,Green,Jeff Gates,58
SEMINOLE,U.S. Senate,,Independent,Winnie Walsh,25
SEMINOLE,U.S. Senate,,Libertarian,Paul Rober MacGregor,43
SEMINOLE,U.S. Senate,,Republican,Ben Ballenger,63
SEMINOLE,U.S. Senate,,Republican,Bobby Wood,31
SEMINOLE,U.S. Senate,,Republican,Mack Mattingly,630
SPALDING,U.S. Senate,,Democrat,Zell Miller,6323
SPALDING,U.S. Senate,,Green,Jeff Gates,98
SPALDING,U.S. Senate,,Independent,Winnie Walsh,29
SPALDING,U.S. Senate,,Libertarian,Paul Rober MacGregor,131
SPALDING,U.S. Senate,,Republican,Ben Ballenger,377
SPALDING,U.S. Senate,,Republican,Bobby Wood,52
SPALDING,U.S. Senate,,Republican,Mack Mattingly,5392
STEPHENS,U.S. Senate,,Democrat,Zell Miller,3322
STEPHENS,U.S. Senate,,Green,Jeff Gates,58
STEPHENS,U.S. Senate,,Independent,Winnie Walsh,55
STEPHENS,U.S. Senate,,Libertarian,Paul Rober MacGregor,64
STEPHENS,U.S. Senate,,Republican,Ben Ballenger,311
STEPHENS,U.S. Senate,,Republican,Bobby Wood,77
STEPHENS,U.S. Senate,,Republican,Mack Mattingly,2007
STEWART,U.S. Senate,,Democrat,Zell Miller,858
STEWART,U.S. Senate,,Green,Jeff Gates,11
STEWART,U.S. Senate,,Independent,Winnie Walsh,8
STEWART,U.S. Senate,,Libertarian,Paul Rober MacGregor,7
STEWART,U.S. Senate,,Republican,Ben Ballenger,21
STEWART,U.S. Senate,,Republican,Bobby Wood,4
STEWART,U.S. Senate,,Republican,Mack Mattingly,284
SUMTER,U.S. Senate,,Democrat,Zell Miller,4840
SUMTER,U.S. Senate,,Green,Jeff Gates,69
SUMTER,U.S. Senate,,Independent,Winnie Walsh,23
SUMTER,U.S. Senate,,Libertarian,Paul Rober MacGregor,44
SUMTER,U.S. Senate,,Republican,Ben Ballenger,177
SUMTER,U.S. Senate,,Republican,Bobby Wood,30
SUMTER,U.S. Senate,,Republican,Mack Mattingly,2433
TALBOT,U.S. Senate,,Democrat,Zell Miller,1170
TALBOT,U.S. Senate,,Green,Jeff Gates,13
TALBOT,U.S. Senate,,Independent,Winnie Walsh,5
TALBOT,U.S. Senate,,Libertarian,Paul Rober MacGregor,8
TALBOT,U.S. Senate,,Republican,Ben Ballenger,44
TALBOT,U.S. Senate,,Republican,Bobby Wood,11
TALBOT,U.S. Senate,,Republican,Mack Mattingly,431
TALIAFERRO,U.S. Senate,,Democrat,Zell Miller,505
TALIAFERRO,U.S. Senate,,Green,Jeff Gates,0
TALIAFERRO,U.S. Senate,,Independent,Winnie Walsh,3
TALIAFERRO,U.S. Senate,,Libertarian,Paul Rober MacGregor,5
TALIAFERRO,U.S. Senate,,Republican,Ben Ballenger,1
TALIAFERRO,U.S. Senate,,Republican,Bobby Wood,1
TALIAFERRO,U.S. Senate,,Republican,Mack Mattingly,170
TATTNALL,U.S. Senate,,Democrat,Zell Miller,2441
TATTNALL,U.S. Senate,,Green,Jeff Gates,23
TATTNALL,U.S. Senate,,Independent,Winnie Walsh,13
TATTNALL,U.S. Senate,,Libertarian,Paul Rober MacGregor,46
TATTNALL,U.S. Senate,,Republican,Ben Ballenger,48
TATTNALL,U.S. Senate,,Republican,Bobby Wood,25
TATTNALL,U.S. Senate,,Republican,Mack Mattingly,1960
TAYLOR,U.S. Senate,,Democrat,Zell Miller,1876
TAYLOR,U.S. Senate,,Green,Jeff Gates,31
TAYLOR,U.S. Senate,,Independent,Winnie Walsh,9
TAYLOR,U.S. Senate,,Libertarian,Paul Rober MacGregor,25
TAYLOR,U.S. Senate,,Republican,Ben Ballenger,11
TAYLOR,U.S. Senate,,Republican,Bobby Wood,9
TAYLOR,U.S. Senate,,Republican,Mack Mattingly,865
TELFAIR,U.S. Senate,,Democrat,Zell Miller,1668
TELFAIR,U.S. Senate,,Green,Jeff Gates,20
TELFAIR,U.S. Senate,,Independent,Winnie Walsh,6
TELFAIR,U.S. Senate,,Libertarian,Paul Rober MacGregor,26
TELFAIR,U.S. Senate,,Republican,Ben Ballenger,43
TELFAIR,U.S. Senate,,Republican,Bobby Wood,27
TELFAIR,U.S. Senate,,Republican,Mack Mattingly,868
TERRELL,U.S. Senate,,Democrat,Zell Miller,1364
TERRELL,U.S. Senate,,Green,Jeff Gates,16
TERRELL,U.S. Senate,,Independent,Winnie Walsh,4
TERRELL,U.S. Senate,,Libertarian,Paul Rober MacGregor,17
TERRELL,U.S. Senate,,Republican,Ben Ballenger,47
TERRELL,U.S. Senate,,Republican,Bobby Wood,10
TERRELL,U.S. Senate,,Republican,Mack Mattingly,844
THOMAS,U.S. Senate,,Democrat,Zell Miller,7309
THOMAS,U.S. Senate,,Green,Jeff Gates,132
THOMAS,U.S. Senate,,Independent,Winnie Walsh,47
THOMAS,U.S. Senate,,Libertarian,Paul Rober MacGregor,160
THOMAS,U.S. Senate,,Republican,Ben Ballenger,111
THOMAS,U.S. Senate,,Republican,Bobby Wood,61
THOMAS,U.S. Senate,,Republican,Mack Mattingly,3687
TIFT,U.S. Senate,,Democrat,Zell Miller,4139
TIFT,U.S. Senate,,Green,Jeff Gates,56
TIFT,U.S. Senate,,Independent,Winnie Walsh,19
TIFT,U.S. Senate,,Libertarian,Paul Rober MacGregor,59
TIFT,U.S. Senate,,Republican,Ben Ballenger,276
TIFT,U.S. Senate,,Republican,Bobby Wood,28
TIFT,U.S. Senate,,Republican,Mack Mattingly,3552
TOOMBS,U.S. Senate,,Democrat,Zell Miller,2654
TOOMBS,U.S. Senate,,Green,Jeff Gates,24
TOOMBS,U.S. Senate,,Independent,Winnie Walsh,18
TOOMBS,U.S. Senate,,Libertarian,Paul Rober MacGregor,100
TOOMBS,U.S. Senate,,Republican,Ben Ballenger,102
TOOMBS,U.S. Senate,,Republican,Bobby Wood,24
TOOMBS,U.S. Senate,,Republican,Mack Mattingly,2753
TOWNS,U.S. Senate,,Democrat,Zell Miller,3005
TOWNS,U.S. Senate,,Green,Jeff Gates,21
TOWNS,U.S. Senate,,Independent,Winnie Walsh,8
TOWNS,U.S. Senate,,Libertarian,Paul Rober MacGregor,22
TOWNS,U.S. Senate,,Republican,Ben Ballenger,9
TOWNS,U.S. Senate,,Republican,Bobby Wood,18
TOWNS,U.S. Senate,,Republican,Mack Mattingly,1315
TREUTLEN,U.S. Senate,,Democrat,Zell Miller,1147
TREUTLEN,U.S. Senate,,Green,Jeff Gates,21
TREUTLEN,U.S. Senate,,Independent,Winnie Walsh,9
TREUTLEN,U.S. Senate,,Libertarian,Paul Rober MacGregor,12
TREUTLEN,U.S. Senate,,Republican,Ben Ballenger,14
TREUTLEN,U.S. Senate,,Republican,Bobby Wood,9
TREUTLEN,U.S. Senate,,Republican,Mack Mattingly,663
TROUP,U.S. Senate,,Democrat,Zell Miller,10183
TROUP,U.S. Senate,,Green,Jeff Gates,123
TROUP,U.S. Senate,,Independent,Winnie Walsh,38
TROUP,U.S. Senate,,Libertarian,Paul Rober MacGregor,115
TROUP,U.S. Senate,,Republican,Ben Ballenger,61
TROUP,U.S. Senate,,Republican,Bobby Wood,181
TROUP,U.S. Senate,,Republican,Mack Mattingly,6519
TURNER,U.S. Senate,,Democrat,Zell Miller,1604
TURNER,U.S. Senate,,Green,Jeff Gates,21
TURNER,U.S. Senate,,Independent,Winnie Walsh,8
TURNER,U.S. Senate,,Libertarian,Paul Rober MacGregor,23
TURNER,U.S. Senate,,Republican,Ben Ballenger,28
TURNER,U.S. Senate,,Republican,Bobby Wood,12
TURNER,U.S. Senate,,Republican,Mack Mattingly,838
TWIGGS,U.S. Senate,,Democrat,Zell Miller,2333
TWIGGS,U.S. Senate,,Green,Jeff Gates,32
TWIGGS,U.S. Senate,,Independent,Winnie Walsh,29
TWIGGS,U.S. Senate,,Libertarian,Paul Rober MacGregor,32
TWIGGS,U.S. Senate,,Republican,Ben Ballenger,41
TWIGGS,U.S. Senate,,Republican,Bobby Wood,12
TWIGGS,U.S. Senate,,Republican,Mack Mattingly,1097
UNION,U.S. Senate,,Democrat,Zell Miller,4449
UNION,U.S. Senate,,Green,Jeff Gates,38
UNION,U.S. Senate,,Independent,Winnie Walsh,25
UNION,U.S. Senate,,Libertarian,Paul Rober MacGregor,59
UNION,U.S. Senate,,Republican,Ben Ballenger,24
UNION,U.S. Senate,,Republican,Bobby Wood,27
UNION,U.S. Senate,,Republican,Mack Mattingly,1995
UPSON,U.S. Senate,,Democrat,Zell Miller,4902
UPSON,U.S. Senate,,Green,Jeff Gates,51
UPSON,U.S. Senate,,Independent,Winnie Walsh,18
UPSON,U.S. Senate,,Libertarian,Paul Rober MacGregor,68
UPSON,U.S. Senate,,Republican,Ben Ballenger,36
UPSON,U.S. Senate,,Republican,Bobby Wood,45
UPSON,U.S. Senate,,Republican,Mack Mattingly,3316
WALKER,U.S. Senate,,Democrat,Zell Miller,10940
WALKER,U.S. Senate,,Green,Jeff Gates,319
WALKER,U.S. Senate,,Independent,Winnie Walsh,119
WALKER,U.S. Senate,,Libertarian,Paul Rober MacGregor,181
WALKER,U.S. Senate,,Republican,Ben Ballenger,309
WALKER,U.S. Senate,,Republican,Bobby Wood,268
WALKER,U.S. Senate,,Republican,Mack Mattingly,6335
WALTON,U.S. Senate,,Democrat,Zell Miller,9731
WALTON,U.S. Senate,,Green,Jeff Gates,101
WALTON,U.S. Senate,,Independent,Winnie Walsh,50
WALTON,U.S. Senate,,Libertarian,Paul Rober MacGregor,233
WALTON,U.S. Senate,,Republican,Ben Ballenger,77
WALTON,U.S. Senate,,Republican,Bobby Wood,156
WALTON,U.S. Senate,,Republican,Mack Mattingly,8583
WARE,U.S. Senate,,Democrat,Zell Miller,5443
WARE,U.S. Senate,,Green,Jeff Gates,123
WARE,U.S. Senate,,Independent,Winnie Walsh,41
WARE,U.S. Senate,,Libertarian,Paul Rober MacGregor,119
WARE,U.S. Senate,,Republican,Ben Ballenger,83
WARE,U.S. Senate,,Republican,Bobby Wood,73
WARE,U.S. Senate,,Republican,Mack Mattingly,3454
WARREN,U.S. Senate,,Democrat,Zell Miller,870
WARREN,U.S. Senate,,Green,Jeff Gates,10
WARREN,U.S. Senate,,Independent,Winnie Walsh,4
WARREN,U.S. Senate,,Libertarian,Paul Rober MacGregor,16
WARREN,U.S. Senate,,Republican,Ben Ballenger,36
WARREN,U.S. Senate,,Republican,Bobby Wood,16
WARREN,U.S. Senate,,Republican,Mack Mattingly,542
WASHINGTON,U.S. Senate,,Democrat,Zell Miller,2791
WASHINGTON,U.S. Senate,,Green,Jeff Gates,32
WASHINGTON,U.S. Senate,,Independent,Winnie Walsh,20
WASHINGTON,U.S. Senate,,Libertarian,Paul Rober MacGregor,45
WASHINGTON,U.S. Senate,,Republican,Ben Ballenger,100
WASHINGTON,U.S. Senate,,Republican,Bobby Wood,19
WASHINGTON,U.S. Senate,,Republican,Mack Mattingly,1617
WAYNE,U.S. Senate,,Democrat,Zell Miller,4071
WAYNE,U.S. Senate,,Green,Jeff Gates,75
WAYNE,U.S. Senate,,Independent,Winnie Walsh,28
WAYNE,U.S. Senate,,Libertarian,Paul Rober MacGregor,76
WAYNE,U.S. Senate,,Republican,Ben Ballenger,77
WAYNE,U.S. Senate,,Republican,Bobby Wood,27
WAYNE,U.S. Senate,,Republican,Mack Mattingly,3325
WEBSTER,U.S. Senate,,Democrat,Zell Miller,476
WEBSTER,U.S. Senate,,Green,Jeff Gates,7
WEBSTER,U.S. Senate,,Independent,Winnie Walsh,0
WEBSTER,U.S. Senate,,Libertarian,Paul Rober MacGregor,3
WEBSTER,U.S. Senate,,Republican,Ben Ballenger,13
WEBSTER,U.S. Senate,,Republican,Bobby Wood,0
WEBSTER,U.S. Senate,,Republican,Mack Mattingly,180
WHEELER,U.S. Senate,,Democrat,Zell Miller,894
WHEELER,U.S. Senate,,Green,Jeff Gates,14
WHEELER,U.S. Senate,,Independent,Winnie Walsh,9
WHEELER,U.S. Senate,,Libertarian,Paul Rober MacGregor,15
WHEELER,U.S. Senate,,Republican,Ben Ballenger,10
WHEELER,U.S. Senate,,Republican,Bobby Wood,4
WHEELER,U.S. Senate,,Republican,Mack Mattingly,503
WHITE,U.S. Senate,,Democrat,Zell Miller,3961
WHITE,U.S. Senate,,Green,Jeff Gates,60
WHITE,U.S. Senate,,Independent,Winnie Walsh,32
WHITE,U.S. Senate,,Libertarian,Paul Rober MacGregor,55
WHITE,U.S. Senate,,Republican,Ben Ballenger,57
WHITE,U.S. Senate,,Republican,Bobby Wood,33
WHITE,U.S. Senate,,Republican,Mack Mattingly,2805
WHITFIELD,U.S. Senate,,Democrat,Zell Miller,10645
WHITFIELD,U.S. Senate,,Green,Jeff Gates,318
WHITFIELD,U.S. Senate,,Independent,Winnie Walsh,117
WHITFIELD,U.S. Senate,,Libertarian,Paul Rober MacGregor,226
WHITFIELD,U.S. Senate,,Republican,Ben Ballenger,220
WHITFIELD,U.S. Senate,,Republican,Bobby Wood,139
WHITFIELD,U.S. Senate,,Republican,Mack Mattingly,10175
WILCOX,U.S. Senate,,Democrat,Zell Miller,1040
WILCOX,U.S. Senate,,Green,Jeff Gates,10
WILCOX,U.S. Senate,,Independent,Winnie Walsh,3
WILCOX,U.S. Senate,,Libertarian,Paul Rober MacGregor,11
WILCOX,U.S. Senate,,Republican,Ben Ballenger,27
WILCOX,U.S. Senate,,Republican,Bobby Wood,0
WILCOX,U.S. Senate,,Republican,Mack Mattingly,906
WILKES,U.S. Senate,,Democrat,Zell Miller,1669
WILKES,U.S. Senate,,Green,Jeff Gates,15
WILKES,U.S. Senate,,Independent,Winnie Walsh,6
WILKES,U.S. Senate,,Libertarian,Paul Rober MacGregor,20
WILKES,U.S. Senate,,Republican,Ben Ballenger,81
WILKES,U.S. Senate,,Republican,Bobby Wood,22
WILKES,U.S. Senate,,Republican,Mack Mattingly,1062
WILKINSON,U.S. Senate,,Democrat,Zell Miller,1531
WILKINSON,U.S. Senate,,Green,Jeff Gates,21
WILKINSON,U.S. Senate,,Independent,Winnie Walsh,13
WILKINSON,U.S. Senate,,Libertarian,Paul Rober MacGregor,26
WILKINSON,U.S. Senate,,Republican,Ben Ballenger,81
WILKINSON,U.S. Senate,,Republican,Bobby Wood,11
WILKINSON,U.S. Senate,,Republican,Mack Mattingly,810
WORTH,U.S. Senate,,Democrat,Zell Miller,3506
WORTH,U.S. Senate,,Green,Jeff Gates,51
WORTH,U.S. Senate,,Independent,Winnie Walsh,18
WORTH,U.S. Senate,,Libertarian,Paul Rober MacGregor,43
WORTH,U.S. Senate,,Republican,Ben Ballenger,49
WORTH,U.S. Senate,,Republican,Bobby Wood,21
WORTH,U.S. Senate,,Republican,Mack Mattingly,2399